metric,variant,mean,full_mean,delta_vs_full,pct_change_vs_full,n_pairs,p_value,reject_h0_holm_0.05
pehe,no_regularization,0.45071945969851773,0.4453083599716259,0.005411099726891855,1.2151354461965724,30,0.338741784915328,False
pehe,no_representation,0.5175497081906122,0.4453083599716259,0.07224134821898631,16.222769368980494,30,1.30385160446167e-08,True
pehe,no_treatment_heads,0.5851771099759474,0.4453083599716259,0.13986875000432153,31.4094148183595,30,1.862645149230957e-09,True
abs_ate_error,no_regularization,0.09727259841061997,0.08170056700294777,0.015572031407672202,19.0598816861459,30,0.140283040702343,False
abs_ate_error,no_representation,0.05362607173247267,0.08170056700294777,-0.0280744952704751,-34.36266882880037,30,0.0635564886033535,False
abs_ate_error,no_treatment_heads,0.12447064117472044,0.08170056700294777,0.04277007417177267,52.349788674330156,30,0.0061949919909238815,True
policy_regret,no_regularization,0.010337995281127377,0.009304424049416005,0.0010335712317113728,11.108384852432057,30,0.4427108127662316,False
policy_regret,no_representation,0.030063287179210106,0.009304424049416005,0.0207588631297941,223.10744888177186,30,1.862645149230957e-09,True
policy_regret,no_treatment_heads,0.007891872371271294,0.009304424049416005,-0.0014125516781447103,-15.18150581532631,30,0.1648154704539846,False
