condition,condition_value,metric,reference,comparison,n_pairs,mean_diff,median_diff,statistic,p_value,reject_h0_holm_0.05,experiment,favors
baseline,default,pehe,neural_rep,s_learner,30,-2.0324935697680977,-0.3895685730975685,99.0,0.0050126127898693085,True,baseline_ihdp,NeuralRep
baseline,default,pehe,neural_rep,t_learner,30,-0.7475222288252626,-0.19923400388851892,31.0,4.421919584274292e-06,True,baseline_ihdp,NeuralRep
baseline,default,pehe,neural_rep,x_learner,30,-1.7422277896974239,-0.3853361704363777,15.0,2.551823854446411e-07,True,baseline_ihdp,NeuralRep
baseline,default,abs_ate_error,neural_rep,s_learner,30,-0.4654434835263907,0.006357780935017249,195.0,0.4521643426269293,False,baseline_ihdp,NeuralRep
baseline,default,abs_ate_error,neural_rep,t_learner,30,-0.0947352529555442,-0.010790418718512398,220.0,0.8078304156661034,False,baseline_ihdp,NeuralRep
baseline,default,abs_ate_error,neural_rep,x_learner,30,-0.15062456114160389,-0.07803503723431024,119.0,0.018529480323195457,False,baseline_ihdp,NeuralRep
baseline,default,policy_regret,neural_rep,s_learner,30,-0.12338319503645355,-0.03315632806210454,11.0,0.00028104304823949435,True,baseline_ihdp,NeuralRep
baseline,default,policy_regret,neural_rep,t_learner,30,-0.03568791924351604,0.0,123.0,0.44045294529422474,False,baseline_ihdp,NeuralRep
baseline,default,policy_regret,neural_rep,x_learner,30,-0.1459217228282574,-0.034177592099410056,20.0,0.000331994064682034,True,baseline_ihdp,NeuralRep
baseline,default,pehe,neural_rep,s_learner,30,-0.05949205934342954,-0.0707196966451886,31.0,4.421919584274292e-06,True,baseline_synthetic,NeuralRep
baseline,default,pehe,neural_rep,t_learner,30,-0.4169752155748086,-0.4122653534224508,0.0,1.862645149230957e-09,True,baseline_synthetic,NeuralRep
baseline,default,pehe,neural_rep,x_learner,30,-0.008207034535386255,-0.018311973648763857,164.0,0.1641840822994709,False,baseline_synthetic,NeuralRep
baseline,default,abs_ate_error,neural_rep,s_learner,30,-0.26614553060007407,-0.27309880017022214,0.0,1.862645149230957e-09,True,baseline_synthetic,NeuralRep
baseline,default,abs_ate_error,neural_rep,t_learner,30,-0.024632845463531124,-0.02793008207013175,120.0,0.019660815596580505,True,baseline_synthetic,NeuralRep
baseline,default,abs_ate_error,neural_rep,x_learner,30,0.036632225092037424,0.029925399585506544,68.0,0.0003800932317972183,True,baseline_synthetic,baseline
baseline,default,policy_regret,neural_rep,s_learner,30,0.0064448806427722626,0.00538569146013225,19.0,5.718320608139038e-07,True,baseline_synthetic,baseline
baseline,default,policy_regret,neural_rep,t_learner,30,-0.10725290060691292,-0.1060053881855833,0.0,1.862645149230957e-09,True,baseline_synthetic,NeuralRep
baseline,default,policy_regret,neural_rep,x_learner,30,-0.013188471723601962,-0.013416724324273249,8.0,4.6566128730773926e-08,True,baseline_synthetic,NeuralRep
confounding_strength,0.0,pehe,neural_rep,s_learner,30,0.04010537476306029,0.051178953144791955,59.0,0.0001528710126876831,True,confounding,baseline
confounding_strength,0.0,pehe,neural_rep,t_learner,30,-0.4131213672865161,-0.41527117674263136,0.0,1.862645149230957e-09,True,confounding,NeuralRep
confounding_strength,0.0,pehe,neural_rep,x_learner,30,0.04322384047457587,0.051195463965361176,18.0,4.7124922275543213e-07,True,confounding,baseline
confounding_strength,1.0,pehe,neural_rep,s_learner,30,-0.05949205934342954,-0.0707196966451886,31.0,4.421919584274292e-06,True,confounding,NeuralRep
confounding_strength,1.0,pehe,neural_rep,t_learner,30,-0.4169752155748086,-0.4122653534224508,0.0,1.862645149230957e-09,True,confounding,NeuralRep
confounding_strength,1.0,pehe,neural_rep,x_learner,30,-0.008207034535386255,-0.018311973648763857,164.0,0.1641840822994709,False,confounding,NeuralRep
confounding_strength,2.0,pehe,neural_rep,s_learner,30,-0.15042615229262601,-0.15288937415100573,0.0,1.862645149230957e-09,True,confounding,NeuralRep
confounding_strength,2.0,pehe,neural_rep,t_learner,30,-0.41592138115371585,-0.4190285922768788,0.0,1.862645149230957e-09,True,confounding,NeuralRep
confounding_strength,2.0,pehe,neural_rep,x_learner,30,-0.04288007668516335,-0.049915712614515634,23.0,1.1920928955078125e-06,True,confounding,NeuralRep
confounding_strength,3.0,pehe,neural_rep,s_learner,30,-0.2127481480983059,-0.20997948028832186,0.0,1.862645149230957e-09,True,confounding,NeuralRep
confounding_strength,3.0,pehe,neural_rep,t_learner,30,-0.4466886894777206,-0.45208842035804997,0.0,1.862645149230957e-09,True,confounding,NeuralRep
confounding_strength,3.0,pehe,neural_rep,x_learner,30,-0.0694165735630358,-0.06662094169494104,4.0,1.30385160446167e-08,True,confounding,NeuralRep
confounding_strength,0.0,abs_ate_error,neural_rep,s_learner,30,-0.15184330573046198,-0.1390617504489213,0.0,1.862645149230957e-09,True,confounding,NeuralRep
confounding_strength,0.0,abs_ate_error,neural_rep,t_learner,30,0.01645419864573518,0.016116196442792448,174.0,0.23665234446525574,False,confounding,baseline
confounding_strength,0.0,abs_ate_error,neural_rep,x_learner,30,0.03214408649256986,0.022600588248558102,108.0,0.009301122277975082,True,confounding,baseline
confounding_strength,1.0,abs_ate_error,neural_rep,s_learner,30,-0.26614553060007407,-0.27309880017022214,0.0,1.862645149230957e-09,True,confounding,NeuralRep
confounding_strength,1.0,abs_ate_error,neural_rep,t_learner,30,-0.024632845463531124,-0.02793008207013175,120.0,0.019660815596580505,True,confounding,NeuralRep
confounding_strength,1.0,abs_ate_error,neural_rep,x_learner,30,0.036632225092037424,0.029925399585506544,68.0,0.0003800932317972183,True,confounding,baseline
confounding_strength,2.0,abs_ate_error,neural_rep,s_learner,30,-0.3400488034255416,-0.3357699795234619,0.0,1.862645149230957e-09,True,confounding,NeuralRep
confounding_strength,2.0,abs_ate_error,neural_rep,t_learner,30,-0.08767148260473072,-0.0926974632236272,33.0,5.973502993583679e-06,True,confounding,NeuralRep
confounding_strength,2.0,abs_ate_error,neural_rep,x_learner,30,0.07424096096902853,0.0689071487467634,13.0,1.6391277313232422e-07,True,confounding,baseline
confounding_strength,3.0,abs_ate_error,neural_rep,s_learner,30,-0.40660017661703224,-0.40667262286565464,0.0,1.862645149230957e-09,True,confounding,NeuralRep
confounding_strength,3.0,abs_ate_error,neural_rep,t_learner,30,-0.1624945224907082,-0.1576166655970762,6.0,2.60770320892334e-08,True,confounding,NeuralRep
confounding_strength,3.0,abs_ate_error,neural_rep,x_learner,30,0.08552373086994859,0.09958112343722444,17.0,3.855675458908081e-07,True,confounding,baseline
confounding_strength,0.0,policy_regret,neural_rep,s_learner,30,0.005290919734793659,0.0038313911155419,67.0,0.0003449581563472748,True,confounding,baseline
confounding_strength,0.0,policy_regret,neural_rep,t_learner,30,-0.08650420009213615,-0.0856709666620293,0.0,1.862645149230957e-09,True,confounding,NeuralRep
confounding_strength,0.0,policy_regret,neural_rep,x_learner,30,-0.005571120823116083,-0.004396591494437751,37.0,1.0609626770019531e-05,True,confounding,NeuralRep
confounding_strength,1.0,policy_regret,neural_rep,s_learner,30,0.0064448806427722626,0.00538569146013225,19.0,5.718320608139038e-07,True,confounding,baseline
confounding_strength,1.0,policy_regret,neural_rep,t_learner,30,-0.10725290060691292,-0.1060053881855833,0.0,1.862645149230957e-09,True,confounding,NeuralRep
confounding_strength,1.0,policy_regret,neural_rep,x_learner,30,-0.013188471723601962,-0.013416724324273249,8.0,4.6566128730773926e-08,True,confounding,NeuralRep
confounding_strength,2.0,policy_regret,neural_rep,s_learner,30,0.006835795769961223,0.0048534800833762,53.0,7.910653948783875e-05,True,confounding,baseline
confounding_strength,2.0,policy_regret,neural_rep,t_learner,30,-0.13575588316709147,-0.1325640648619152,0.0,1.862645149230957e-09,True,confounding,NeuralRep
confounding_strength,2.0,policy_regret,neural_rep,x_learner,30,-0.02404013987728519,-0.0228965519913651,12.0,1.30385160446167e-07,True,confounding,NeuralRep
confounding_strength,3.0,policy_regret,neural_rep,s_learner,30,0.009885017484103762,0.0028834383614885504,59.0,0.0001528710126876831,True,confounding,baseline
confounding_strength,3.0,policy_regret,neural_rep,t_learner,30,-0.16172802175673937,-0.16347159681102175,0.0,1.862645149230957e-09,True,confounding,NeuralRep
confounding_strength,3.0,policy_regret,neural_rep,x_learner,30,-0.026467414435789895,-0.02887629739001655,9.0,6.146728992462158e-08,True,confounding,NeuralRep
train_fraction,0.25,pehe,neural_rep,s_learner,30,-1.370718981048143,-0.0657522388453533,163.0,0.15794767439365387,False,sample_size,NeuralRep
train_fraction,0.25,pehe,neural_rep,t_learner,30,-0.04975784331549226,0.03834388749031947,188.0,0.370740607380867,False,sample_size,NeuralRep
train_fraction,0.25,pehe,neural_rep,x_learner,30,-1.4714744696999111,-0.2980497276655515,96.0,0.004031794145703316,True,sample_size,NeuralRep
train_fraction,0.5,pehe,neural_rep,s_learner,30,-1.8458575810542412,-0.21556223964756605,106.0,0.008142979815602303,True,sample_size,NeuralRep
train_fraction,0.5,pehe,neural_rep,t_learner,30,-0.6740907107756704,-0.1153780309499231,102.0,0.0061949919909238815,True,sample_size,NeuralRep
train_fraction,0.5,pehe,neural_rep,x_learner,30,-1.5460115075195644,-0.30782704307832665,27.0,2.348795533180237e-06,True,sample_size,NeuralRep
train_fraction,0.75,pehe,neural_rep,s_learner,30,-1.830670407336572,-0.3653210100585126,90.0,0.002560090273618698,True,sample_size,NeuralRep
train_fraction,0.75,pehe,neural_rep,t_learner,30,-0.5114301001406503,-0.10964745947588261,73.0,0.0006084088236093521,True,sample_size,NeuralRep
train_fraction,0.75,pehe,neural_rep,x_learner,30,-1.4872167661348459,-0.28790886237807944,31.0,4.421919584274292e-06,True,sample_size,NeuralRep
train_fraction,1.0,pehe,neural_rep,s_learner,30,-2.0324935697680977,-0.3895685730975685,99.0,0.0050126127898693085,True,sample_size,NeuralRep
train_fraction,1.0,pehe,neural_rep,t_learner,30,-0.7475222288252626,-0.19923400388851892,31.0,4.421919584274292e-06,True,sample_size,NeuralRep
train_fraction,1.0,pehe,neural_rep,x_learner,30,-1.7422277896974239,-0.3853361704363777,15.0,2.551823854446411e-07,True,sample_size,NeuralRep
train_fraction,0.25,abs_ate_error,neural_rep,s_learner,30,-0.2813630874855209,0.0008779704205829908,228.0,0.935398668050766,False,sample_size,NeuralRep
train_fraction,0.25,abs_ate_error,neural_rep,t_learner,30,-0.08378306547646878,-0.00964674823256595,230.0,0.9676735773682594,False,sample_size,NeuralRep
train_fraction,0.25,abs_ate_error,neural_rep,x_learner,30,-0.1952131805491014,-0.04680152711954255,207.0,0.6120056137442589,False,sample_size,NeuralRep
train_fraction,0.5,abs_ate_error,neural_rep,s_learner,30,-0.6871163180970669,-0.006508939934599486,196.0,0.46454504504799843,False,sample_size,NeuralRep
train_fraction,0.5,abs_ate_error,neural_rep,t_learner,30,-0.1823685814795251,-0.014802952096764545,205.0,0.583757072687149,False,sample_size,NeuralRep
train_fraction,0.5,abs_ate_error,neural_rep,x_learner,30,-0.2098564099706438,-0.0695668889110355,150.0,0.09194962680339813,False,sample_size,NeuralRep
train_fraction,0.75,abs_ate_error,neural_rep,s_learner,30,-0.4554303362168187,0.0132196730535295,213.0,0.7000329215079546,False,sample_size,NeuralRep
train_fraction,0.75,abs_ate_error,neural_rep,t_learner,30,-0.040853080818460875,-0.015884294411168547,214.0,0.7151329666376114,False,sample_size,NeuralRep
train_fraction,0.75,abs_ate_error,neural_rep,x_learner,30,-0.19988203753862593,-0.004821170215516549,193.0,0.42795460671186447,False,sample_size,NeuralRep
train_fraction,1.0,abs_ate_error,neural_rep,s_learner,30,-0.4654434835263907,0.006357780935017249,195.0,0.4521643426269293,False,sample_size,NeuralRep
train_fraction,1.0,abs_ate_error,neural_rep,t_learner,30,-0.0947352529555442,-0.010790418718512398,220.0,0.8078304156661034,False,sample_size,NeuralRep
train_fraction,1.0,abs_ate_error,neural_rep,x_learner,30,-0.15062456114160389,-0.07803503723431024,119.0,0.018529480323195457,False,sample_size,NeuralRep
train_fraction,0.25,policy_regret,neural_rep,s_learner,30,-0.3816039052062925,-0.00555590075801415,16.0,0.0024719854430073768,True,sample_size,NeuralRep
train_fraction,0.25,policy_regret,neural_rep,t_learner,30,0.030309375166875086,0.0003918896173940008,114.0,0.19189788048905043,False,sample_size,baseline
train_fraction,0.25,policy_regret,neural_rep,x_learner,30,-0.29407125055546346,-0.009512175645896903,16.0,0.0014771661952373803,True,sample_size,NeuralRep
train_fraction,0.5,policy_regret,neural_rep,s_learner,30,-0.16767467847746578,-0.03754477546781045,7.0,0.00010460893926546262,True,sample_size,NeuralRep
train_fraction,0.5,policy_regret,neural_rep,t_learner,30,-0.021751160844029897,0.0002980326525073018,140.0,0.7750969621959847,False,sample_size,NeuralRep
train_fraction,0.5,policy_regret,neural_rep,x_learner,30,-0.15032548021191366,-0.007860508026481298,9.0,0.0005385174873341328,True,sample_size,NeuralRep
train_fraction,0.75,policy_regret,neural_rep,s_learner,30,-0.16202350271669005,-0.027148374138431745,5.0,0.00012267381509278223,True,sample_size,NeuralRep
train_fraction,0.75,policy_regret,neural_rep,t_learner,30,-0.0488368561587056,0.0,81.0,0.13962549456047801,False,sample_size,NeuralRep
train_fraction,0.75,policy_regret,neural_rep,x_learner,30,-0.1176628360563378,-0.025498217833088248,12.0,0.0005167151238567522,True,sample_size,NeuralRep
train_fraction,1.0,policy_regret,neural_rep,s_learner,30,-0.12338319503645355,-0.03315632806210454,11.0,0.00028104304823949435,True,sample_size,NeuralRep
train_fraction,1.0,policy_regret,neural_rep,t_learner,30,-0.03568791924351604,0.0,123.0,0.44045294529422474,False,sample_size,NeuralRep
train_fraction,1.0,policy_regret,neural_rep,x_learner,30,-0.1459217228282574,-0.034177592099410056,20.0,0.000331994064682034,True,sample_size,NeuralRep
train_fraction,0.25,pehe,neural_rep,s_learner,30,-0.04442358402926898,-0.03680700896566472,68.0,0.0003800932317972183,True,sample_size_synthetic,NeuralRep
train_fraction,0.25,pehe,neural_rep,t_learner,30,-0.4027910726849745,-0.4125499651658284,0.0,1.862645149230957e-09,True,sample_size_synthetic,NeuralRep
train_fraction,0.25,pehe,neural_rep,x_learner,30,0.00591877004817396,0.008683212372775362,191.0,0.40449450351297855,False,sample_size_synthetic,baseline
train_fraction,0.5,pehe,neural_rep,s_learner,30,-0.028818715095607027,-0.030165100887892204,68.0,0.0003800932317972183,True,sample_size_synthetic,NeuralRep
train_fraction,0.5,pehe,neural_rep,t_learner,30,-0.33443849537547055,-0.34023158516887886,0.0,1.862645149230957e-09,True,sample_size_synthetic,NeuralRep
train_fraction,0.5,pehe,neural_rep,x_learner,30,0.03668976054507344,0.03536510763176082,14.0,2.0489096641540527e-07,True,sample_size_synthetic,baseline
train_fraction,0.75,pehe,neural_rep,s_learner,30,-0.031482192903619345,-0.0325548829821925,27.0,2.348795533180237e-06,True,sample_size_synthetic,NeuralRep
train_fraction,0.75,pehe,neural_rep,t_learner,30,-0.2976617276767069,-0.3000854568725658,0.0,1.862645149230957e-09,True,sample_size_synthetic,NeuralRep
train_fraction,0.75,pehe,neural_rep,x_learner,30,0.044033218874512385,0.04051274649352288,0.0,1.862645149230957e-09,True,sample_size_synthetic,baseline
train_fraction,1.0,pehe,neural_rep,s_learner,30,-0.03430683853049953,-0.030495489486541988,42.0,2.0798295736312866e-05,True,sample_size_synthetic,NeuralRep
train_fraction,1.0,pehe,neural_rep,t_learner,30,-0.28411186559701485,-0.28109923554726035,0.0,1.862645149230957e-09,True,sample_size_synthetic,NeuralRep
train_fraction,1.0,pehe,neural_rep,x_learner,30,0.048368811763382674,0.04992650151760375,3.0,9.313225746154785e-09,True,sample_size_synthetic,baseline
train_fraction,0.25,abs_ate_error,neural_rep,s_learner,30,-0.24799101346295652,-0.25004666494278094,0.0,1.862645149230957e-09,True,sample_size_synthetic,NeuralRep
train_fraction,0.25,abs_ate_error,neural_rep,t_learner,30,-0.007250462752745951,-0.025043016535658505,196.0,0.46454504504799843,False,sample_size_synthetic,NeuralRep
train_fraction,0.25,abs_ate_error,neural_rep,x_learner,30,0.041549347843593876,0.0371860822795231,68.0,0.0003800932317972183,True,sample_size_synthetic,baseline
train_fraction,0.5,abs_ate_error,neural_rep,s_learner,30,-0.22238804774243412,-0.2335644945460612,0.0,1.862645149230957e-09,True,sample_size_synthetic,NeuralRep
train_fraction,0.5,abs_ate_error,neural_rep,t_learner,30,-0.021377553201758433,-0.0320658036222579,134.0,0.0426517054438591,True,sample_size_synthetic,NeuralRep
train_fraction,0.5,abs_ate_error,neural_rep,x_learner,30,0.03645484846482771,0.0359042950118946,51.0,6.286613643169403e-05,True,sample_size_synthetic,baseline
train_fraction,0.75,abs_ate_error,neural_rep,s_learner,30,-0.182939968133167,-0.18683346896073943,0.0,1.862645149230957e-09,True,sample_size_synthetic,NeuralRep
train_fraction,0.75,abs_ate_error,neural_rep,t_learner,30,0.0017010049121105287,-0.006295023395476351,227.0,0.9192965272814035,False,sample_size_synthetic,baseline
train_fraction,0.75,abs_ate_error,neural_rep,x_learner,30,0.050426175788935455,0.04579180676238336,35.0,7.994472980499268e-06,True,sample_size_synthetic,baseline
train_fraction,1.0,abs_ate_error,neural_rep,s_learner,30,-0.17957317260699152,-0.18840981233690585,0.0,1.862645149230957e-09,True,sample_size_synthetic,NeuralRep
train_fraction,1.0,abs_ate_error,neural_rep,t_learner,30,0.0038738997083943654,-0.001140945450515348,227.0,0.9192965272814035,False,sample_size_synthetic,baseline
train_fraction,1.0,abs_ate_error,neural_rep,x_learner,30,0.03442232918487168,0.02780068557329815,74.0,0.0006665531545877457,True,sample_size_synthetic,baseline
train_fraction,0.25,policy_regret,neural_rep,s_learner,30,0.0050619256237850385,0.0037844733285178496,52.0,7.056817412376404e-05,True,sample_size_synthetic,baseline
train_fraction,0.25,policy_regret,neural_rep,t_learner,30,-0.10609062053003446,-0.10412677973030335,0.0,1.862645149230957e-09,True,sample_size_synthetic,NeuralRep
train_fraction,0.25,policy_regret,neural_rep,x_learner,30,-0.012974667493540494,-0.0132232402491571,17.0,3.855675458908081e-07,True,sample_size_synthetic,NeuralRep
train_fraction,0.5,policy_regret,neural_rep,s_learner,30,0.0044953592987887,0.0038206870507939503,6.0,2.60770320892334e-08,True,sample_size_synthetic,baseline
train_fraction,0.5,policy_regret,neural_rep,t_learner,30,-0.07723067227674427,-0.0777204133243202,0.0,1.862645149230957e-09,True,sample_size_synthetic,NeuralRep
train_fraction,0.5,policy_regret,neural_rep,x_learner,30,-0.005726412986854505,-0.0045520094769686,23.0,1.1920928955078125e-06,True,sample_size_synthetic,NeuralRep
train_fraction,0.75,policy_regret,neural_rep,s_learner,30,0.005420194975288193,0.0044942554077371496,1.0,3.725290298461914e-09,True,sample_size_synthetic,baseline
train_fraction,0.75,policy_regret,neural_rep,t_learner,30,-0.05875767687133073,-0.05850564175465335,0.0,1.862645149230957e-09,True,sample_size_synthetic,NeuralRep
train_fraction,0.75,policy_regret,neural_rep,x_learner,30,-0.0011144789162836333,-0.0022258135604416,128.0,0.03098480962216854,True,sample_size_synthetic,NeuralRep
train_fraction,1.0,policy_regret,neural_rep,s_learner,30,0.0034187890376213333,0.0027487081958524505,8.0,4.6566128730773926e-08,True,sample_size_synthetic,baseline
train_fraction,1.0,policy_regret,neural_rep,t_learner,30,-0.05123201040419568,-0.050872601405964404,0.0,1.862645149230957e-09,True,sample_size_synthetic,NeuralRep
train_fraction,1.0,policy_regret,neural_rep,x_learner,30,-0.0013318992214029568,-0.0013036965662028997,118.0,0.017453668639063835,True,sample_size_synthetic,NeuralRep
treated_fraction,0.5,pehe,neural_rep,s_learner,30,-0.05949205934342954,-0.0707196966451886,31.0,4.421919584274292e-06,True,treatment_imbalance,NeuralRep
treated_fraction,0.5,pehe,neural_rep,t_learner,30,-0.4169752155748086,-0.4122653534224508,0.0,1.862645149230957e-09,True,treatment_imbalance,NeuralRep
treated_fraction,0.5,pehe,neural_rep,x_learner,30,-0.008207034535386255,-0.018311973648763857,164.0,0.1641840822994709,False,treatment_imbalance,NeuralRep
treated_fraction,0.25,pehe,neural_rep,s_learner,30,-0.04526207934292596,-0.0366550566987891,73.0,0.0006084088236093521,True,treatment_imbalance,NeuralRep
treated_fraction,0.25,pehe,neural_rep,t_learner,30,-0.4340177070983259,-0.43472062235324177,0.0,1.862645149230957e-09,True,treatment_imbalance,NeuralRep
treated_fraction,0.25,pehe,neural_rep,x_learner,30,-0.007522033119287565,-0.003774923516230766,189.0,0.3817984350025654,False,treatment_imbalance,NeuralRep
treated_fraction,0.1,pehe,neural_rep,s_learner,30,-0.08650388111390783,-0.09387246992473619,30.0,3.7904828786849976e-06,True,treatment_imbalance,NeuralRep
treated_fraction,0.1,pehe,neural_rep,t_learner,30,-0.6410768092348004,-0.6554306213670728,0.0,1.862645149230957e-09,True,treatment_imbalance,NeuralRep
treated_fraction,0.1,pehe,neural_rep,x_learner,30,-0.044004315304043015,-0.04145454414505384,96.0,0.004031794145703316,True,treatment_imbalance,NeuralRep
treated_fraction,0.5,abs_ate_error,neural_rep,s_learner,30,-0.26614553060007407,-0.27309880017022214,0.0,1.862645149230957e-09,True,treatment_imbalance,NeuralRep
treated_fraction,0.5,abs_ate_error,neural_rep,t_learner,30,-0.024632845463531124,-0.02793008207013175,120.0,0.019660815596580505,True,treatment_imbalance,NeuralRep
treated_fraction,0.5,abs_ate_error,neural_rep,x_learner,30,0.036632225092037424,0.029925399585506544,68.0,0.0003800932317972183,True,treatment_imbalance,baseline
treated_fraction,0.25,abs_ate_error,neural_rep,s_learner,30,-0.2501707050771253,-0.25147323167022784,0.0,1.862645149230957e-09,True,treatment_imbalance,NeuralRep
treated_fraction,0.25,abs_ate_error,neural_rep,t_learner,30,0.024063050798101657,0.02596531679335535,162.0,0.15188691951334476,False,treatment_imbalance,baseline
treated_fraction,0.25,abs_ate_error,neural_rep,x_learner,30,0.0866908249676111,0.07791597186491026,16.0,3.1478703022003174e-07,True,treatment_imbalance,baseline
treated_fraction,0.1,abs_ate_error,neural_rep,s_learner,30,-0.3245354998685209,-0.33683015385451276,0.0,1.862645149230957e-09,True,treatment_imbalance,NeuralRep
treated_fraction,0.1,abs_ate_error,neural_rep,t_learner,30,-0.04076040532182405,-0.06525007438813565,152.0,0.10039735585451126,False,treatment_imbalance,NeuralRep
treated_fraction,0.1,abs_ate_error,neural_rep,x_learner,30,0.060465410953065964,0.0467778467047848,96.0,0.004031794145703316,True,treatment_imbalance,baseline
treated_fraction,0.5,policy_regret,neural_rep,s_learner,30,0.0064448806427722626,0.00538569146013225,19.0,5.718320608139038e-07,True,treatment_imbalance,baseline
treated_fraction,0.5,policy_regret,neural_rep,t_learner,30,-0.10725290060691292,-0.1060053881855833,0.0,1.862645149230957e-09,True,treatment_imbalance,NeuralRep
treated_fraction,0.5,policy_regret,neural_rep,x_learner,30,-0.013188471723601962,-0.013416724324273249,8.0,4.6566128730773926e-08,True,treatment_imbalance,NeuralRep
treated_fraction,0.25,policy_regret,neural_rep,s_learner,30,0.008144347484597185,0.0064576156228605495,68.0,0.0003800932317972183,True,treatment_imbalance,baseline
treated_fraction,0.25,policy_regret,neural_rep,t_learner,30,-0.1291845776242441,-0.122334481945636,0.0,1.862645149230957e-09,True,treatment_imbalance,NeuralRep
treated_fraction,0.25,policy_regret,neural_rep,x_learner,30,-0.024728342932932048,-0.02299171675060395,0.0,1.862645149230957e-09,True,treatment_imbalance,NeuralRep
treated_fraction,0.1,policy_regret,neural_rep,s_learner,30,0.01046306513135322,0.003338969097244,93.0,0.007100609066184297,True,treatment_imbalance,baseline
treated_fraction,0.1,policy_regret,neural_rep,t_learner,30,-0.2109506328395026,-0.2171131999696348,0.0,1.862645149230957e-09,True,treatment_imbalance,NeuralRep
treated_fraction,0.1,policy_regret,neural_rep,x_learner,30,-0.04583208910910474,-0.04178072426794991,6.0,2.60770320892334e-08,True,treatment_imbalance,NeuralRep
