experiment,config_name,dataset,condition,condition_value,model,seed,n_train,n_test,treated_fraction_train,fit_seconds,pehe,abs_ate_error,cate_mae,cate_bias,ate_true,ate_hat,policy_value,policy_regret,optimal_policy_value,pehe_tau_q1,pehe_tau_q2,pehe_tau_q3,pehe_tau_q4,diag_treated_fraction,diag_ps_min,diag_ps_max,diag_ps_frac_below_0.1,diag_ps_frac_above_0.9,diag_ps_ks_treated_vs_control,diag_smd_mean,diag_smd_max,diag_smd_frac_above_0.1,diag_true_ps_min,diag_true_ps_max,error
baseline,baseline_synthetic,synthetic,baseline,default,s_learner,0,2000,2000,0.5015,2.1185402870178223,0.4919751091964288,0.30030690573211816,0.3763214486958152,-0.30030690573211816,0.988634815670337,0.6883279099382188,0.9639414386956262,0.010699811080515653,0.9746412497761419,0.2693005200626528,0.35049603910098026,0.3982285918300791,0.7837102636771406,0.5015,0.028614529247713533,0.9742087337563412,0.0235,0.025,0.3961445653010877,0.10901961827433163,0.6463457674163098,0.25,0.030255797901506145,0.9618833171064568,
baseline,baseline_synthetic,synthetic,baseline,default,s_learner,1,2000,2000,0.504,2.1505565643310547,0.6016798312882509,0.41154047784251113,0.44534055081028506,-0.4115404778425113,0.9947717733296532,0.583231295487142,1.0516256881524566,0.012273562629399715,1.0638992507818563,0.22787364693386164,0.42677730560199656,0.49911695188379473,0.9822888975828974,0.504,0.0400474627699318,0.9516231435316647,0.015,0.0165,0.377192140296979,0.10720741637231476,0.5475038568343314,0.15,0.04823166296560886,0.9599710610726617,
baseline,baseline_synthetic,synthetic,baseline,default,s_learner,2,2000,2000,0.507,2.191030740737915,0.467859227832675,0.2708672365842464,0.3357507656018117,-0.2708672365842465,0.9804604494287746,0.7095932128445283,0.9317223130892608,0.0059241414096177225,0.9376464544988785,0.20316831488024203,0.24091011947192081,0.35407382706018525,0.8067748777871366,0.507,0.03065240216029745,0.9766421970155198,0.016,0.0225,0.3726110317622254,0.10434600355279218,0.5970206145257971,0.15,0.038529832493794255,0.9659987332756537,
baseline,baseline_synthetic,synthetic,baseline,default,s_learner,3,2000,2000,0.4975,2.1730401515960693,0.5463582246454811,0.3636095354078587,0.4112159866056948,-0.36360953540785873,1.0087926713972664,0.6451831359894077,0.8915684998566414,0.010949916170674312,0.9025184160273158,0.2625677069613136,0.4238795058585774,0.45288997543738535,0.8604093633111732,0.4975,0.02710922010657526,0.9708120361692915,0.0225,0.018,0.3667641691042276,0.11446476020211335,0.6809082392728507,0.2,0.028289045013268385,0.9593894594492443,
baseline,baseline_synthetic,synthetic,baseline,default,s_learner,4,2000,2000,0.4795,2.2189972400665283,0.5819295131683466,0.44684009538930725,0.463202222738047,-0.4468400953893073,0.9903193784566898,0.5434792830673826,0.9177791654896782,0.004556418194870959,0.9223355836845492,0.2194080252514272,0.4057129603852804,0.48235660065504876,0.9534972759376833,0.4795,0.012552305516356348,0.9771045164612736,0.0195,0.0095,0.3662927380927339,0.1000328571608901,0.5569797449163424,0.2,0.017193404491357145,0.9769899468579579,
baseline,baseline_synthetic,synthetic,baseline,default,s_learner,5,2000,2000,0.5025,2.2222347259521484,0.5241636431974991,0.304279978997134,0.3686552610821683,-0.304279978997134,0.9664879542782492,0.6622079752811152,0.9680908601870079,0.012177550010522675,0.9802684101975305,0.2583733928505317,0.3147549315231982,0.35566408248682746,0.8981456912872406,0.5025,0.015963375239138947,0.9603199240263416,0.0305,0.016,0.37606440161004023,0.1152547001794896,0.6098531315723713,0.15,0.027943533029464323,0.9320319340477532,
baseline,baseline_synthetic,synthetic,baseline,default,s_learner,6,2000,2000,0.492,2.2411117553710938,0.5571710163492894,0.36487883887225203,0.4140929448451177,-0.36487883887225225,1.003619649399195,0.6387408105269429,1.0218558097756787,0.014077668255031428,1.0359334780307101,0.2387762028269265,0.35708356266692964,0.4380158275835019,0.9302567144943316,0.492,0.032312212231972906,0.9655440861709046,0.015,0.0115,0.3553869790666411,0.09680856401643036,0.5423450155934014,0.15,0.026336015377497433,0.9561696257484746,
baseline,baseline_synthetic,synthetic,baseline,default,s_learner,7,2000,2000,0.5055,2.191227674484253,0.6024078699562964,0.4297890122208333,0.4667487295728322,-0.4297890122208333,0.9985860310672204,0.5687970188463871,0.9937557203007741,0.00849514423154396,1.002250864532318,0.22565793034849674,0.361744138328661,0.49625204717551713,1.0116988433673948,0.5055,0.028966682825451964,0.9582037089304637,0.009,0.0205,0.38823397631113366,0.11654949019167812,0.5358975997063444,0.25,0.02971233266409221,0.9656940169490835,
baseline,baseline_synthetic,synthetic,baseline,default,s_learner,8,2000,2000,0.4925,2.234503984451294,0.5817265180246252,0.386863042225588,0.45071907955195234,-0.386863042225588,1.0063284488837538,0.6194654066581659,1.0336668074196584,0.008293689545949556,1.041960496965608,0.24260349687053653,0.3531321242611715,0.47219897202914796,0.9731866953610773,0.4925,0.026265791169016634,0.9673170564827458,0.0175,0.0165,0.376034607786752,0.10186432388624574,0.5277392885616098,0.2,0.02879480163107263,0.9655988709120248,
baseline,baseline_synthetic,synthetic,baseline,default,s_learner,9,2000,2000,0.4895,2.252169132232666,0.5973895267216734,0.4236979425040882,0.46680789584452453,-0.42369794250408827,1.000148146210073,0.5764502037059848,0.9003365255966176,0.006934174408492311,0.9072707000051099,0.22296484033522196,0.39190684024791994,0.49355453516304987,0.9902507843511894,0.4895,0.033181406310617716,0.971011923266994,0.022,0.013,0.37151583848477177,0.11280238399758895,0.5776465505594623,0.25,0.035819472134631776,0.9654650696119208,
baseline,baseline_synthetic,synthetic,baseline,default,s_learner,10,2000,2000,0.4945,2.2704436779022217,0.5905673418917238,0.4353287651864035,0.469097070343895,-0.43532876518640345,1.0102761104198241,0.5749473452334206,1.0149745871857552,0.006358335340888255,1.0213329225266434,0.24737622795744102,0.3958887201696128,0.5175680110417383,0.9535615440371626,0.4945,0.027591771242000646,0.9763142187154301,0.022,0.017,0.3785388031951866,0.11058039073535975,0.5904365694326016,0.2,0.034386486017649716,0.9738601279717383,
baseline,baseline_synthetic,synthetic,baseline,default,s_learner,11,2000,2000,0.485,2.214465618133545,0.4755194847998435,0.2809921638228414,0.34972710738738544,-0.28099216382284126,1.004209171295834,0.7232170074729927,1.023021766859978,0.00494035317045638,1.0279621200304343,0.20428474226686663,0.3278869380980971,0.3935171601879286,0.7748401552813825,0.485,0.030366338101620018,0.9695850252982309,0.018,0.012,0.36369732759483536,0.11056061217099941,0.5745972347548176,0.25,0.02335924492611696,0.9659980123959844,
baseline,baseline_synthetic,synthetic,baseline,default,s_learner,12,2000,2000,0.4995,2.236494302749634,0.614817940487078,0.4359637521042359,0.47031971317039706,-0.4359637521042358,1.0076912717470716,0.5717275196428357,1.0093682764754046,0.006964080512412929,1.0163323569878175,0.23582746257783127,0.38703756169073267,0.4822786981177366,1.0363392257632362,0.4995,0.02827685261611543,0.9885055248206732,0.031,0.036,0.421993421993422,0.10577004751833623,0.6983956475246054,0.2,0.040759956163083894,0.9790636568070907,
baseline,baseline_synthetic,synthetic,baseline,default,s_learner,13,2000,2000,0.501,2.1515331268310547,0.4838484312137291,0.30254474710728896,0.3651141579497415,-0.3025447471072888,0.9934729095450703,0.6909281624377813,0.9676579242674582,0.004322483378307318,0.9719804076457655,0.22077254919328457,0.3371937307433722,0.3697272040697199,0.7983100159667295,0.501,0.029797982132540864,0.9680958843119472,0.009,0.01,0.33170132680530723,0.09860889392293262,0.5433266313618397,0.15,0.02854443844361873,0.9794365695399461,
baseline,baseline_synthetic,synthetic,baseline,default,s_learner,14,2000,2000,0.504,2.1538236141204834,0.564913687359449,0.32824310184027083,0.39146716916541685,-0.32824310184027083,0.9864716718243007,0.6582285699840299,0.8480276279705867,0.005603539114980349,0.8536311670855671,0.20576734985827705,0.30547822862613505,0.36032464353320176,1.0054943547800796,0.504,0.026168134819385156,0.9728339103810405,0.0285,0.0225,0.40890616999487966,0.11686818516322106,0.6312584881353379,0.15,0.02434791943468717,0.9664973002302226,
baseline,baseline_synthetic,synthetic,baseline,default,s_learner,15,2000,2000,0.5215,2.1815950870513916,0.5012935207020659,0.36280620725818347,0.3959441121253453,-0.3628062072581835,0.9872567721697856,0.6244505649116021,1.0531115560808162,0.0034540521878259067,1.056565608268642,0.19108254538327304,0.31127027660487944,0.4175728890297317,0.8351119288400957,0.5215,0.037102515922878956,0.9651806227952491,0.01,0.016,0.371492890354265,0.09627517763497498,0.6111511999687926,0.15,0.027938846745364655,0.9594469453739467,
baseline,baseline_synthetic,synthetic,baseline,default,s_learner,16,2000,2000,0.4965,2.15559720993042,0.6539569630530301,0.38951630895957956,0.4731484494761605,-0.3895163089595798,1.003893844164219,0.6143775352046393,1.0089646111683879,0.012425054912820643,1.0213896660812085,0.28244296283786274,0.3382224035788024,0.45103741737145836,1.1458776831293125,0.4965,0.018099334507720503,0.9792576526507237,0.03,0.0315,0.40525785763502414,0.11553145485936378,0.7482541978535057,0.25,0.03181518901303306,0.9629198231247029,
baseline,baseline_synthetic,synthetic,baseline,default,s_learner,17,2000,2000,0.4925,2.187380313873291,0.5739313437283969,0.387445571121269,0.4283462109427125,-0.3874455711212689,0.9793423811024536,0.5918968099811847,0.8954188399998178,0.005615439240546638,0.9010342792403644,0.22782693459049821,0.3861575049608788,0.4848699279794236,0.938864831290558,0.4925,0.026105301253780168,0.9739059966570436,0.0175,0.012,0.3656222650096272,0.09827040729878243,0.5912218839904231,0.15,0.02369437964679253,0.9690666264366539,
baseline,baseline_synthetic,synthetic,baseline,default,s_learner,18,2000,2000,0.514,2.171670436859131,0.587009388736664,0.38393025151936444,0.42363441144281483,-0.38393025151936444,0.9985727292068496,0.6146424776874851,1.0727596667253678,0.006709130019343812,1.0794687967447116,0.22192485506489698,0.30233651513246157,0.4259268399761738,1.0277394646357907,0.514,0.030865142260502444,0.9682530219498647,0.017,0.0255,0.3949656530720085,0.10901040600335313,0.6484246353759319,0.2,0.04548582124628716,0.9568863136044911,
baseline,baseline_synthetic,synthetic,baseline,default,s_learner,19,2000,2000,0.49,2.149606943130493,0.5201928693460859,0.31283991546134615,0.3668328120238781,-0.3128399154613463,1.0013442425231096,0.6885043270617635,0.9266027137097171,0.004893144658602244,0.9314958583683194,0.19206329690147894,0.319057449235129,0.3944664530236261,0.8877571384021211,0.49,0.028639032735851253,0.9603535998158355,0.011,0.0115,0.3667066826730692,0.10183948103512781,0.5686019813182949,0.2,0.02597494661414801,0.964467516427441,
baseline,baseline_synthetic,synthetic,baseline,default,s_learner,20,2000,2000,0.4815,2.225919246673584,0.5715760690141202,0.3923372307704729,0.4438811975419377,-0.39233723077047317,0.9972729066129272,0.6049356758424543,1.0283461430076821,0.005895432902155884,1.034241575909838,0.2392992698429543,0.38630109935486007,0.4931095362363507,0.9258223998376597,0.4815,0.045887744475715864,0.9605413717677646,0.0205,0.021,0.36713560864823946,0.10814924866513102,0.608090504467289,0.2,0.06087925632310017,0.9557405797190407,
baseline,baseline_synthetic,synthetic,baseline,default,s_learner,21,2000,2000,0.485,2.1661741733551025,0.4652541867045092,0.26676365150850323,0.34722129201566576,-0.26676365150850323,0.9942709486025046,0.7275072970940014,0.9821313223968604,0.0041135201748475625,0.986244842571708,0.21625276848105146,0.3219261435471926,0.41482129853824684,0.7371346020154346,0.485,0.023477663499994285,0.9779659564066838,0.024,0.014,0.36293664297868083,0.1018585086015494,0.6105872151172923,0.15,0.032872322840714174,0.9759708490075967,
baseline,baseline_synthetic,synthetic,baseline,default,s_learner,22,2000,2000,0.4845,2.1977128982543945,0.591052393743447,0.38456003734150024,0.43598313350048806,-0.38456003734150024,1.005694401834314,0.6211343644928137,1.0303698004627497,0.006238374491791321,1.036608174954541,0.21991090157859475,0.39450375766224893,0.4713912681415618,0.985478554549301,0.4845,0.034219647218210955,0.9715700675033144,0.019,0.012,0.39171643949835794,0.11215321185551727,0.5721118836119686,0.15,0.03711008186248405,0.9579292297150516,
baseline,baseline_synthetic,synthetic,baseline,default,s_learner,23,2000,2000,0.5095,2.1963698863983154,0.5356880554578058,0.357701559847892,0.40706067626720405,-0.3577015598478922,0.9863786558371623,0.6286770959892704,0.9831884143498398,0.005469726675747633,0.9886581410255875,0.20555649805417367,0.3003608571819354,0.42827587032235936,0.9121164572141673,0.5095,0.03343433008754991,0.9807621761707214,0.0125,0.0145,0.35997595131842597,0.10462234707657854,0.5771773054928375,0.2,0.025464782350892595,0.9732012578498234,
baseline,baseline_synthetic,synthetic,baseline,default,s_learner,24,2000,2000,0.4985,2.2449724674224854,0.48747219913645556,0.31327687364841383,0.37337098758585924,-0.3132768736484137,0.9987093506981598,0.685432477049746,0.9558606545829806,0.012409543181654548,0.9682701977646352,0.23828979630497446,0.3493502394345967,0.41518566283841396,0.7741510371245908,0.4985,0.02606832422755538,0.9746277408550127,0.025,0.0215,0.38979050811457305,0.11282957453595018,0.5910811456998403,0.25,0.03061599735796627,0.9782816224506061,
baseline,baseline_synthetic,synthetic,baseline,default,s_learner,25,2000,2000,0.494,2.145940065383911,0.5718826159462563,0.35085378069263873,0.40792464691433294,-0.3508537806926389,0.9991239276584803,0.6482701469658416,0.9587831508586084,0.008488645553145768,0.9672717964117542,0.22973374475443573,0.326209635677624,0.44010979833103997,0.9774006093774037,0.494,0.03541556417481448,0.9655634999167437,0.0085,0.0085,0.3181378118449057,0.10049890231683926,0.600592811033575,0.15,0.03899025445080996,0.9756290023588512,
baseline,baseline_synthetic,synthetic,baseline,default,s_learner,26,2000,2000,0.5015,2.1981914043426514,0.7065454397411135,0.5096171224889499,0.5592395925828614,-0.5096171224889496,1.0171306539049356,0.5075135314159858,1.0193232318134815,0.005833425485214816,1.0251566572986963,0.23800146265013564,0.4479118078690567,0.5943930496563672,1.1773924801628075,0.5015,0.02970454911521404,0.9676002971135022,0.0275,0.023,0.3818444365999294,0.10436878847557915,0.6772436761102943,0.15,0.033894051748721864,0.9581517856447924,
baseline,baseline_synthetic,synthetic,baseline,default,s_learner,27,2000,2000,0.5025,2.2214834690093994,0.5559526315068195,0.38854160271485005,0.43189021188004867,-0.3885416027148501,0.9959384935616975,0.6073968908468474,0.9560792108366859,0.006544010678047885,0.9626232215147338,0.22505365641058458,0.3869046322312939,0.5169366689925522,0.8767927072361563,0.5025,0.018838961581934238,0.9719022664894751,0.0185,0.014,0.35241381034525865,0.1148452780017188,0.6144849196634338,0.25,0.017249130780206557,0.9643938427362861,
baseline,baseline_synthetic,synthetic,baseline,default,s_learner,28,2000,2000,0.5155,2.162186861038208,0.5042578166091711,0.2625553972221978,0.3660099658139352,-0.2625553972221978,0.9766359953808899,0.7140805981586921,0.8436998893700872,0.004287772882600405,0.8479876622526876,0.26478149627262265,0.28424831087201285,0.3719328593845518,0.8531491004237559,0.5155,0.054322568352990576,0.9714135389687693,0.007,0.008,0.33972147233491384,0.09347980992333009,0.5192338131723825,0.15,0.04987510113925712,0.9689901252091718,
baseline,baseline_synthetic,synthetic,baseline,default,s_learner,29,2000,2000,0.499,2.1954824924468994,0.4944000258792623,0.3020954356735005,0.3602406050452692,-0.3020954356735005,0.9856623929546574,0.6835669572811569,0.8792186966357048,0.00894306374999998,0.8881617603857048,0.1960358889390993,0.2756859430669028,0.39974889829438925,0.8387452245546632,0.499,0.012072386528027395,0.9788842501699636,0.0265,0.021,0.3819295277181109,0.11317612905105323,0.6367503934939059,0.25,0.027173964070335486,0.9682146497692586,
baseline,baseline_synthetic,synthetic,baseline,default,t_learner,0,2000,2000,0.5015,2.1341733932495117,0.9324565704275815,0.15966248098674718,0.739936533093013,-0.1596624809867472,0.988634815670337,0.8289723346835898,0.8441113214075917,0.13052992836855015,0.9746412497761419,0.9819102428305805,0.9467731375529519,0.8238590047758202,0.9688293266703859,0.5015,0.028614529247713533,0.9742087337563412,0.0235,0.025,0.3961445653010877,0.10901961827433163,0.6463457674163098,0.25,0.030255797901506145,0.9618833171064568,
baseline,baseline_synthetic,synthetic,baseline,default,t_learner,1,2000,2000,0.504,2.1782476902008057,0.8454711099550226,0.09648770815605545,0.6654020799011006,-0.09648770815605545,0.9947717733296532,0.8982840651735977,0.9649499205189143,0.09894933026294206,1.0638992507818563,0.8329531957461858,0.8009689356874615,0.8001136662537982,0.9400752363019295,0.504,0.0400474627699318,0.9516231435316647,0.015,0.0165,0.377192140296979,0.10720741637231476,0.5475038568343314,0.15,0.04823166296560886,0.9599710610726617,
baseline,baseline_synthetic,synthetic,baseline,default,t_learner,2,2000,2000,0.507,2.153181791305542,0.9332154237233103,0.0754340456789705,0.7491062654092373,-0.07543404567897054,0.9804604494287746,0.9050264037498041,0.8182531747936337,0.11939327970524483,0.9376464544988785,0.894401151296585,0.8534222534996206,0.9132064889385382,1.0589310906059137,0.507,0.03065240216029745,0.9766421970155198,0.016,0.0225,0.3726110317622254,0.10434600355279218,0.5970206145257971,0.15,0.038529832493794255,0.9659987332756537,
baseline,baseline_synthetic,synthetic,baseline,default,t_learner,3,2000,2000,0.4975,2.102994680404663,0.9092445050134348,0.16064406577394108,0.7229508404409091,-0.16064406577394125,1.0087926713972664,0.8481486056233253,0.7742020475452336,0.12831636848208217,0.9025184160273158,0.9160898410778934,0.8803827057648022,0.9062286628050739,0.933465363451241,0.4975,0.02710922010657526,0.9708120361692915,0.0225,0.018,0.3667641691042276,0.11446476020211335,0.6809082392728507,0.2,0.028289045013268385,0.9593894594492443,
baseline,baseline_synthetic,synthetic,baseline,default,t_learner,4,2000,2000,0.4795,2.1109447479248047,0.964904050695261,0.24564107063803564,0.7629642970536133,-0.2456410706380356,0.9903193784566898,0.7446783078186542,0.7591825807103693,0.1631530029741799,0.9223355836845492,0.9083278394386971,0.9624794193330326,0.9201491806052065,1.0611591290117777,0.4795,0.012552305516356348,0.9771045164612736,0.0195,0.0095,0.3662927380927339,0.1000328571608901,0.5569797449163424,0.2,0.017193404491357145,0.9769899468579579,
baseline,baseline_synthetic,synthetic,baseline,default,t_learner,5,2000,2000,0.5025,2.1800332069396973,0.9008312697322725,0.03541134266632229,0.7131987735011593,0.03541134266632244,0.9664879542782492,1.0018992969445715,0.8872813357351158,0.09298707446241472,0.9802684101975305,0.892738935685583,0.9044015657616475,0.8314487466328944,0.9694100723590995,0.5025,0.015963375239138947,0.9603199240263416,0.0305,0.016,0.37606440161004023,0.1152547001794896,0.6098531315723713,0.15,0.027943533029464323,0.9320319340477532,
baseline,baseline_synthetic,synthetic,baseline,default,t_learner,6,2000,2000,0.492,2.159696102142334,0.9045510485274187,0.14227986919518798,0.7071788918398828,-0.14227986919518804,1.003619649399195,0.8613397802040069,0.9225240654834126,0.11340941254729753,1.0359334780307101,0.8976971210539405,0.9302558920780118,0.7734119193212924,1.0017226436122795,0.492,0.032312212231972906,0.9655440861709046,0.015,0.0115,0.3553869790666411,0.09680856401643036,0.5423450155934014,0.15,0.026336015377497433,0.9561696257484746,
baseline,baseline_synthetic,synthetic,baseline,default,t_learner,7,2000,2000,0.5055,2.1411828994750977,0.8895373938066508,0.2456346477440121,0.6860816871067172,-0.2456346477440121,0.9985860310672204,0.7529513833232083,0.8792443108544019,0.12300655367791613,1.002250864532318,0.8642870780786908,0.7998201593925647,0.8467699560435955,1.0302345853050618,0.5055,0.028966682825451964,0.9582037089304637,0.009,0.0205,0.38823397631113366,0.11654949019167812,0.5358975997063444,0.25,0.02971233266409221,0.9656940169490835,
baseline,baseline_synthetic,synthetic,baseline,default,t_learner,8,2000,2000,0.4925,2.184540033340454,0.9089974148511029,0.09143215286786144,0.7171989517556717,-0.09143215286786142,1.0063284488837538,0.9148962960158924,0.924372153250017,0.11758834371559101,1.041960496965608,0.8740770712551382,0.9137753137510365,0.8327858066173427,1.0062688262119066,0.4925,0.026265791169016634,0.9673170564827458,0.0175,0.0165,0.376034607786752,0.10186432388624574,0.5277392885616098,0.2,0.02879480163107263,0.9655988709120248,
baseline,baseline_synthetic,synthetic,baseline,default,t_learner,9,2000,2000,0.4895,2.1706361770629883,0.9053577917663791,0.17281977120854852,0.7121404533869523,-0.17281977120854858,1.000148146210073,0.8273283750015245,0.7815849214361386,0.12568577856897134,0.9072707000051099,0.9144817852378344,0.8671098123203902,0.8852432337726547,0.9523019370735478,0.4895,0.033181406310617716,0.971011923266994,0.022,0.013,0.37151583848477177,0.11280238399758895,0.5776465505594623,0.25,0.035819472134631776,0.9654650696119208,
baseline,baseline_synthetic,synthetic,baseline,default,t_learner,10,2000,2000,0.4945,2.094830274581909,0.8621942635188714,0.14536614491945465,0.683243304701773,-0.14536614491945457,1.0102761104198241,0.8649099655003695,0.9105117479330489,0.11082117459359453,1.0213329225266434,0.8622976161655648,0.8366473349591955,0.8122556062276424,0.9328561949153907,0.4945,0.027591771242000646,0.9763142187154301,0.022,0.017,0.3785388031951866,0.11058039073535975,0.5904365694326016,0.2,0.034386486017649716,0.9738601279717383,
baseline,baseline_synthetic,synthetic,baseline,default,t_learner,11,2000,2000,0.485,2.0855274200439453,0.949929273471435,0.03407017468465601,0.7464358864747344,-0.03407017468465591,1.004209171295834,0.9701389966111781,0.923459452965746,0.10450266706468825,1.0279621200304343,0.9386609278677183,0.9084167004142862,1.0023353624745048,0.9478824190942206,0.485,0.030366338101620018,0.9695850252982309,0.018,0.012,0.36369732759483536,0.11056061217099941,0.5745972347548176,0.25,0.02335924492611696,0.9659980123959844,
baseline,baseline_synthetic,synthetic,baseline,default,t_learner,12,2000,2000,0.4995,2.103321075439453,0.8812983521069256,0.16820282713350432,0.6832584258649522,-0.16820282713350437,1.0076912717470716,0.8394884446135673,0.9035742320801676,0.11275812490764991,1.0163323569878175,0.904505512733321,0.8552636471811588,0.7818444386466333,0.9725534878392427,0.4995,0.02827685261611543,0.9885055248206732,0.031,0.036,0.421993421993422,0.10577004751833623,0.6983956475246054,0.2,0.040759956163083894,0.9790636568070907,
baseline,baseline_synthetic,synthetic,baseline,default,t_learner,13,2000,2000,0.501,2.1006431579589844,0.8682957878273281,0.004597391727934719,0.6907108196269982,-0.004597391727934543,0.9934729095450703,0.9888755178171356,0.8808522752009423,0.0911281324448232,0.9719804076457655,0.8904147497988258,0.8174193518074198,0.8453049302758545,0.91662263343073,0.501,0.029797982132540864,0.9680958843119472,0.009,0.01,0.33170132680530723,0.09860889392293262,0.5433266313618397,0.15,0.02854443844361873,0.9794365695399461,
baseline,baseline_synthetic,synthetic,baseline,default,t_learner,14,2000,2000,0.504,2.1718668937683105,0.8872004410456882,0.10506572011030813,0.6977373259801891,-0.10506572011030807,0.9864716718243007,0.8814059517139926,0.7391137293589313,0.1145174377266358,0.8536311670855671,0.8987450380435197,0.8329077989203877,0.8393693573753751,0.970813847941845,0.504,0.026168134819385156,0.9728339103810405,0.0285,0.0225,0.40890616999487966,0.11686818516322106,0.6312584881353379,0.15,0.02434791943468717,0.9664973002302226,
baseline,baseline_synthetic,synthetic,baseline,default,t_learner,15,2000,2000,0.5215,2.0921859741210938,0.9289724887173991,0.09114536793085726,0.7337050681082132,-0.09114536793085716,0.9872567721697856,0.8961114042389283,0.9381641848328387,0.1184014234358034,1.056565608268642,0.8825949804469696,0.9259401828875797,0.8947920789009309,1.0074559806340286,0.5215,0.037102515922878956,0.9651806227952491,0.01,0.016,0.371492890354265,0.09627517763497498,0.6111511999687926,0.15,0.027938846745364655,0.9594469453739467,
baseline,baseline_synthetic,synthetic,baseline,default,t_learner,16,2000,2000,0.4965,2.1598713397979736,0.9390291147938247,0.17236038517822194,0.732595381179869,-0.17236038517822197,1.003893844164219,0.831533458985997,0.895377758936454,0.12601190714475452,1.0213896660812085,0.8959470530647915,0.8514008131503347,0.8321208235889899,1.1432730129513868,0.4965,0.018099334507720503,0.9792576526507237,0.03,0.0315,0.40525785763502414,0.11553145485936378,0.7482541978535057,0.25,0.03181518901303306,0.9629198231247029,
baseline,baseline_synthetic,synthetic,baseline,default,t_learner,17,2000,2000,0.4925,2.0710291862487793,0.8928885595482197,0.1793980045204141,0.7086922070771716,-0.17939800452041402,0.9793423811024536,0.7999443765820395,0.7688016637397984,0.13223261550056598,0.9010342792403644,0.8656802098465476,0.8604455945658874,0.8567948938520321,0.9824121243295288,0.4925,0.026105301253780168,0.9739059966570436,0.0175,0.012,0.3656222650096272,0.09827040729878243,0.5912218839904231,0.15,0.02369437964679253,0.9690666264366539,
baseline,baseline_synthetic,synthetic,baseline,default,t_learner,18,2000,2000,0.514,2.21148419380188,0.924046385214979,0.10312007002896106,0.7278419791793282,-0.10312007002896088,0.9985727292068496,0.8954526591778885,0.9501017929669868,0.1293670037777248,1.0794687967447116,0.8943942114038701,0.8802308454010465,0.8582144907145796,1.0507937140346821,0.514,0.030865142260502444,0.9682530219498647,0.017,0.0255,0.3949656530720085,0.10901040600335313,0.6484246353759319,0.2,0.04548582124628716,0.9568863136044911,
baseline,baseline_synthetic,synthetic,baseline,default,t_learner,19,2000,2000,0.49,2.212061882019043,0.8417405431911308,0.06291319160437181,0.6604194217801491,-0.06291319160437191,1.0013442425231096,0.9384310509187378,0.8331068045587307,0.09838905380958873,0.9314958583683194,0.7858751217191094,0.7850526887829294,0.8440153522590885,0.9422522073497279,0.49,0.028639032735851253,0.9603535998158355,0.011,0.0115,0.3667066826730692,0.10183948103512781,0.5686019813182949,0.2,0.02597494661414801,0.964467516427441,
baseline,baseline_synthetic,synthetic,baseline,default,t_learner,20,2000,2000,0.4815,2.2105276584625244,0.9032740506297483,0.14874362205098235,0.7149127159716138,-0.14874362205098246,0.9972729066129272,0.8485292845619449,0.9132710478012012,0.12097052810863684,1.034241575909838,0.9643058087247242,0.8576348841688176,0.8282459577721627,0.9550923454383142,0.4815,0.045887744475715864,0.9605413717677646,0.0205,0.021,0.36713560864823946,0.10814924866513102,0.608090504467289,0.2,0.06087925632310017,0.9557405797190407,
baseline,baseline_synthetic,synthetic,baseline,default,t_learner,21,2000,2000,0.485,2.111220121383667,0.9661411973425817,0.08671466784962789,0.7637176156444444,-0.08671466784962795,0.9942709486025046,0.9075562807528768,0.8517927008477068,0.13445214172400122,0.986244842571708,0.890266170399151,0.9914132578475122,0.9276909997346048,1.0476786529411826,0.485,0.023477663499994285,0.9779659564066838,0.024,0.014,0.36293664297868083,0.1018585086015494,0.6105872151172923,0.15,0.032872322840714174,0.9759708490075967,
baseline,baseline_synthetic,synthetic,baseline,default,t_learner,22,2000,2000,0.4845,2.178128957748413,1.0051447315167985,0.14181441844329845,0.795444172373031,-0.14181441844329845,1.005694401834314,0.8638799833910155,0.8777351511084787,0.1588730238460624,1.036608174954541,0.9596963163557447,1.0340194330493186,0.9355296207450015,1.084359186958916,0.4845,0.034219647218210955,0.9715700675033144,0.019,0.012,0.39171643949835794,0.11215321185551727,0.5721118836119686,0.15,0.03711008186248405,0.9579292297150516,
baseline,baseline_synthetic,synthetic,baseline,default,t_learner,23,2000,2000,0.5095,2.1445560455322266,0.8956794679754497,0.11319832315254019,0.7064839033925009,-0.11319832315254028,0.9863786558371623,0.8731803326846221,0.8633983888765877,0.12525975214899976,0.9886581410255875,0.9063780229918744,0.8345245136057001,0.8639518838259098,0.9719062174270269,0.5095,0.03343433008754991,0.9807621761707214,0.0125,0.0145,0.35997595131842597,0.10462234707657854,0.5771773054928375,0.2,0.025464782350892595,0.9732012578498234,
baseline,baseline_synthetic,synthetic,baseline,default,t_learner,24,2000,2000,0.4985,2.1786022186279297,0.8431665441662493,0.03461372727839673,0.6586009125692078,-0.034613727278396664,0.9987093506981598,0.9640956234197631,0.8724439573747828,0.09582624038985244,0.9682701977646352,0.761262845915821,0.7993639430968966,0.8229071683622111,0.9736730678045047,0.4985,0.02606832422755538,0.9746277408550127,0.025,0.0215,0.38979050811457305,0.11282957453595018,0.5910811456998403,0.25,0.03061599735796627,0.9782816224506061,
baseline,baseline_synthetic,synthetic,baseline,default,t_learner,25,2000,2000,0.494,2.235596179962158,0.9110373893945836,0.09886410392179168,0.7124465810681639,-0.09886410392179175,0.9991239276584803,0.9002598237366887,0.8627142182873951,0.10455757812435906,0.9672717964117542,0.9130540501210078,0.846471873458131,0.8487290178304884,1.024418480306751,0.494,0.03541556417481448,0.9655634999167437,0.0085,0.0085,0.3181378118449057,0.10049890231683926,0.600592811033575,0.15,0.03899025445080996,0.9756290023588512,
baseline,baseline_synthetic,synthetic,baseline,default,t_learner,26,2000,2000,0.5015,2.205815553665161,1.0203762862101722,0.2667178923465068,0.8123150057473749,-0.26671789234650656,1.0171306539049356,0.7504127615584288,0.8493654661834426,0.17579119111525376,1.0251566572986963,1.0010160992901105,1.0515250740072877,0.8831042342418991,1.1300706884970784,0.5015,0.02970454911521404,0.9676002971135022,0.0275,0.023,0.3818444365999294,0.10436878847557915,0.6772436761102943,0.15,0.033894051748721864,0.9581517856447924,
baseline,baseline_synthetic,synthetic,baseline,default,t_learner,27,2000,2000,0.5025,2.1288537979125977,0.9359140177141978,0.1420908987606374,0.7399707539222494,-0.1420908987606374,0.9959384935616975,0.8538475948010601,0.8066797055490247,0.1559435159657091,0.9626232215147338,0.8482231481766781,0.9205657025124138,0.914982234697463,1.0486295736144553,0.5025,0.018838961581934238,0.9719022664894751,0.0185,0.014,0.35241381034525865,0.1148452780017188,0.6144849196634338,0.25,0.017249130780206557,0.9643938427362861,
baseline,baseline_synthetic,synthetic,baseline,default,t_learner,28,2000,2000,0.5155,2.136883497238159,0.859857077366753,0.03540109670946845,0.6775003619474319,-0.03540109670946836,0.9766359953808899,0.9412348986714214,0.7488679533114342,0.09911970894125344,0.8479876622526876,0.796183604447051,0.8406977923979525,0.808457736761839,0.9813927611958487,0.5155,0.054322568352990576,0.9714135389687693,0.007,0.008,0.33972147233491384,0.09347980992333009,0.5192338131723825,0.15,0.04987510113925712,0.9689901252091718,
baseline,baseline_synthetic,synthetic,baseline,default,t_learner,29,2000,2000,0.499,2.1064248085021973,0.9165350221281969,0.045360804701736646,0.7271512191863158,-0.04536080470173661,0.9856623929546574,0.9403015882529208,0.7752794121822884,0.11288234820341647,0.8881617603857048,0.9403258484806055,0.8344040661334262,0.9026904732572253,0.982269234853672,0.499,0.012072386528027395,0.9788842501699636,0.0265,0.021,0.3819295277181109,0.11317612905105323,0.6367503934939059,0.25,0.027173964070335486,0.9682146497692586,
baseline,baseline_synthetic,synthetic,baseline,default,x_learner,0,2000,2000,0.5015,4.389906167984009,0.5409349148897394,0.033924579682191536,0.40671135001076797,0.033924579682191605,0.988634815670337,1.0225593953525285,0.9445423256400156,0.03009892413612625,0.9746412497761419,0.6424122571110894,0.45641426497485227,0.4490873457269545,0.5897078896673321,0.5015,0.028614529247713533,0.9742087337563412,0.0235,0.025,0.3961445653010877,0.10901961827433163,0.6463457674163098,0.25,0.030255797901506145,0.9618833171064568,
baseline,baseline_synthetic,synthetic,baseline,default,x_learner,1,2000,2000,0.504,4.474077939987183,0.48037596860363796,0.08484019607423277,0.3575487389870754,-0.08484019607423278,0.9947717733296532,0.9099315772554204,1.0381998538097632,0.025699396972093114,1.0638992507818563,0.4832338094836713,0.38456297534430695,0.42229781513376813,0.6027480763528094,0.504,0.0400474627699318,0.9516231435316647,0.015,0.0165,0.377192140296979,0.10720741637231476,0.5475038568343314,0.15,0.04823166296560886,0.9599710610726617,
baseline,baseline_synthetic,synthetic,baseline,default,x_learner,2,2000,2000,0.507,4.4037909507751465,0.481878243619971,0.04033895312024749,0.3652907244573017,0.040338953120247385,0.9804604494287746,1.0207994025490221,0.9176995892644689,0.019946865234409583,0.9376464544988785,0.4982092179611201,0.44302484147120547,0.43798877405319986,0.5408409798438261,0.507,0.03065240216029745,0.9766421970155198,0.016,0.0225,0.3726110317622254,0.10434600355279218,0.5970206145257971,0.15,0.038529832493794255,0.9659987332756537,
baseline,baseline_synthetic,synthetic,baseline,default,x_learner,3,2000,2000,0.4975,4.296533823013306,0.5024396402335846,0.07757679596220035,0.385514044245394,-0.07757679596220046,1.0087926713972664,0.931215875435066,0.8598631442508745,0.04265527177644124,0.9025184160273158,0.5508238887844809,0.417038714679558,0.4657248425292682,0.5617423727707107,0.4975,0.02710922010657526,0.9708120361692915,0.0225,0.018,0.3667641691042276,0.11446476020211335,0.6809082392728507,0.2,0.028289045013268385,0.9593894594492443,
baseline,baseline_synthetic,synthetic,baseline,default,x_learner,4,2000,2000,0.4795,4.159470081329346,0.4749235331611991,0.09858140760475853,0.3669861311334431,-0.09858140760475857,0.9903193784566898,0.8917379708519313,0.8880913921054171,0.034244191579132055,0.9223355836845492,0.46533640280666033,0.4333855668703777,0.452177475547405,0.5416492985874175,0.4795,0.012552305516356348,0.9771045164612736,0.0195,0.0095,0.3662927380927339,0.1000328571608901,0.5569797449163424,0.2,0.017193404491357145,0.9769899468579579,
baseline,baseline_synthetic,synthetic,baseline,default,x_learner,5,2000,2000,0.5025,4.196824312210083,0.48582497646111933,0.034960326677795805,0.3678581422486217,0.03496032667779586,0.9664879542782492,1.001448280956045,0.9511131265546453,0.02915528364288522,0.9802684101975305,0.5252454864547255,0.4076265890620641,0.410767038230394,0.5773489535504369,0.5025,0.015963375239138947,0.9603199240263416,0.0305,0.016,0.37606440161004023,0.1152547001794896,0.6098531315723713,0.15,0.027943533029464323,0.9320319340477532,
baseline,baseline_synthetic,synthetic,baseline,default,x_learner,6,2000,2000,0.492,4.192403316497803,0.48783950787278346,0.0780968617588742,0.3609299560151948,-0.0780968617588743,1.003619649399195,0.9255227876403207,1.0075756373313076,0.028357840699402503,1.0359334780307101,0.4206320379464468,0.396293476675592,0.4513403309986113,0.6436315843537302,0.492,0.032312212231972906,0.9655440861709046,0.015,0.0115,0.3553869790666411,0.09680856401643036,0.5423450155934014,0.15,0.026336015377497433,0.9561696257484746,
baseline,baseline_synthetic,synthetic,baseline,default,x_learner,7,2000,2000,0.5055,4.205405235290527,0.5190572434392594,0.1333179542519478,0.3933294380903607,-0.13331795425194787,0.9985860310672204,0.8652680768152726,0.9728527231227189,0.029398141409599177,1.002250864532318,0.4537275444306564,0.4195504698341489,0.4538740487678947,0.699849094025963,0.5055,0.028966682825451964,0.9582037089304637,0.009,0.0205,0.38823397631113366,0.11654949019167812,0.5358975997063444,0.25,0.02971233266409221,0.9656940169490835,
baseline,baseline_synthetic,synthetic,baseline,default,x_learner,8,2000,2000,0.4925,4.188783645629883,0.5359803676705994,0.04260325998658476,0.4120170974453531,-0.04260325998658471,1.0063284488837538,0.9637251888971691,1.0177222907662946,0.024238206199313383,1.041960496965608,0.5552675865929123,0.46256098390310024,0.4707338663262239,0.6365726106711526,0.4925,0.026265791169016634,0.9673170564827458,0.0175,0.0165,0.376034607786752,0.10186432388624574,0.5277392885616098,0.2,0.02879480163107263,0.9655988709120248,
baseline,baseline_synthetic,synthetic,baseline,default,x_learner,9,2000,2000,0.4895,4.174188137054443,0.4870746212062917,0.12664068812808638,0.3656102568498142,-0.12664068812808651,1.000148146210073,0.8735074580819866,0.8720679872523978,0.03520271275271214,0.9072707000051099,0.44075859408249335,0.41903811969670923,0.4386136545756686,0.6218711478242551,0.4895,0.033181406310617716,0.971011923266994,0.022,0.013,0.37151583848477177,0.11280238399758895,0.5776465505594623,0.25,0.035819472134631776,0.9654650696119208,
baseline,baseline_synthetic,synthetic,baseline,default,x_learner,10,2000,2000,0.4945,4.359039545059204,0.483439155052993,0.1125258685776338,0.37126020144455657,-0.1125258685776337,1.0102761104198241,0.8977502418421903,0.9923519642335792,0.02898095829306424,1.0213329225266434,0.46767800340110405,0.41898250422461764,0.41944625394460533,0.6038621141400329,0.4945,0.027591771242000646,0.9763142187154301,0.022,0.017,0.3785388031951866,0.11058039073535975,0.5904365694326016,0.2,0.034386486017649716,0.9738601279717383,
baseline,baseline_synthetic,synthetic,baseline,default,x_learner,11,2000,2000,0.485,4.154725790023804,0.5081236283855927,0.016474117655454812,0.3904649946311488,0.01647411765545488,1.004209171295834,1.020683288951289,1.004904936418539,0.02305718361189535,1.0279621200304343,0.5168829596033062,0.4424069643090033,0.5245432996680626,0.5428820292392444,0.485,0.030366338101620018,0.9695850252982309,0.018,0.012,0.36369732759483536,0.11056061217099941,0.5745972347548176,0.25,0.02335924492611696,0.9659980123959844,
baseline,baseline_synthetic,synthetic,baseline,default,x_learner,12,2000,2000,0.4995,4.1288580894470215,0.5145168523979484,0.11906701291979072,0.37144893686882746,-0.11906701291979072,1.0076912717470716,0.8886242588272809,0.9854134159026313,0.030918941085186225,1.0163323569878175,0.4376718622996973,0.37532585404715874,0.45154124964494624,0.7229071238478252,0.4995,0.02827685261611543,0.9885055248206732,0.031,0.036,0.421993421993422,0.10577004751833623,0.6983956475246054,0.2,0.040759956163083894,0.9790636568070907,
baseline,baseline_synthetic,synthetic,baseline,default,x_learner,13,2000,2000,0.501,4.274380922317505,0.471759912455236,0.04686628939058757,0.36088948082148453,0.04686628939058767,0.9934729095450703,1.0403391989356578,0.9546527050785044,0.017327702567261127,0.9719804076457655,0.475901217524606,0.39963655607642373,0.39942189786638854,0.5869416169516974,0.501,0.029797982132540864,0.9680958843119472,0.009,0.01,0.33170132680530723,0.09860889392293262,0.5433266313618397,0.15,0.02854443844361873,0.9794365695399461,
baseline,baseline_synthetic,synthetic,baseline,default,x_learner,14,2000,2000,0.504,4.36997127532959,0.5223598673040396,0.05782433976847734,0.3832621125585998,-0.05782433976847739,0.9864716718243007,0.9286473320558234,0.8272546025668887,0.026376564518678425,0.8536311670855671,0.5074765979834549,0.3839358208124953,0.4163420568062234,0.7163514525776529,0.504,0.026168134819385156,0.9728339103810405,0.0285,0.0225,0.40890616999487966,0.11686818516322106,0.6312584881353379,0.15,0.02434791943468717,0.9664973002302226,
baseline,baseline_synthetic,synthetic,baseline,default,x_learner,15,2000,2000,0.5215,4.316572904586792,0.4398853739203904,0.06563454711627514,0.33222644374585997,-0.06563454711627527,0.9872567721697856,0.9216222250535104,1.038375473455671,0.01819013481297116,1.056565608268642,0.45288155490073473,0.38863626830741727,0.37212490348107874,0.5285638780245039,0.5215,0.037102515922878956,0.9651806227952491,0.01,0.016,0.371492890354265,0.09627517763497498,0.6111511999687926,0.15,0.027938846745364655,0.9594469453739467,
baseline,baseline_synthetic,synthetic,baseline,default,x_learner,16,2000,2000,0.4965,4.458997488021851,0.552656722429676,0.06963855109024963,0.4137482453073626,-0.06963855109024977,1.003893844164219,0.9342552930739693,0.989906168728602,0.03148349735260647,1.0213896660812085,0.49857710921597354,0.4413747998326346,0.46719778725320316,0.7483670163837416,0.4965,0.018099334507720503,0.9792576526507237,0.03,0.0315,0.40525785763502414,0.11553145485936378,0.7482541978535057,0.25,0.03181518901303306,0.9629198231247029,
baseline,baseline_synthetic,synthetic,baseline,default,x_learner,17,2000,2000,0.4925,4.3171303272247314,0.496026556527997,0.041917849017990005,0.37530067346822327,-0.041917849017989894,0.9793423811024536,0.9374245320844636,0.8700060663179823,0.031028212922382115,0.9010342792403644,0.5000404410198468,0.4466453446570913,0.41216371101767896,0.603951941701531,0.4925,0.026105301253780168,0.9739059966570436,0.0175,0.012,0.3656222650096272,0.09827040729878243,0.5912218839904231,0.15,0.02369437964679253,0.9690666264366539,
baseline,baseline_synthetic,synthetic,baseline,default,x_learner,18,2000,2000,0.514,4.256010293960571,0.5184745430458774,0.09921339351786151,0.39688741313485093,-0.09921339351786147,0.9985727292068496,0.8993593356889881,1.0514801657513355,0.027988630993376118,1.0794687967447116,0.5073820026790924,0.4438412736754901,0.4285169138876624,0.6612148582708888,0.514,0.030865142260502444,0.9682530219498647,0.017,0.0255,0.3949656530720085,0.10901040600335313,0.6484246353759319,0.2,0.04548582124628716,0.9568863136044911,
baseline,baseline_synthetic,synthetic,baseline,default,x_learner,19,2000,2000,0.49,4.161412477493286,0.4762356972051144,0.005353433478797132,0.3646284038266957,-0.0053534334787971255,1.0013442425231096,0.9959908090443125,0.9135439255799838,0.017951932788335623,0.9314958583683194,0.4399055400451261,0.38564464860984227,0.43686218709553887,0.6116490067776332,0.49,0.028639032735851253,0.9603535998158355,0.011,0.0115,0.3667066826730692,0.10183948103512781,0.5686019813182949,0.2,0.02597494661414801,0.964467516427441,
baseline,baseline_synthetic,synthetic,baseline,default,x_learner,20,2000,2000,0.4815,4.314943790435791,0.47817191905509177,0.05430467879247103,0.3628828899673152,-0.054304678792471264,0.9972729066129272,0.9429682278204562,1.0044277513790771,0.02981382453076087,1.034241575909838,0.5012072083288928,0.3946153265682056,0.42124654985520565,0.5746433322357695,0.4815,0.045887744475715864,0.9605413717677646,0.0205,0.021,0.36713560864823946,0.10814924866513102,0.608090504467289,0.2,0.06087925632310017,0.9557405797190407,
baseline,baseline_synthetic,synthetic,baseline,default,x_learner,21,2000,2000,0.485,4.477204084396362,0.51949616070243,0.010058888969234459,0.39488573338876914,0.010058888969234374,0.9942709486025046,1.004329837571739,0.9535057704136749,0.03273907215803307,0.986244842571708,0.5039611614693307,0.44082343084225994,0.4993977432591514,0.6179035430525295,0.485,0.023477663499994285,0.9779659564066838,0.024,0.014,0.36293664297868083,0.1018585086015494,0.6105872151172923,0.15,0.032872322840714174,0.9759708490075967,
baseline,baseline_synthetic,synthetic,baseline,default,x_learner,22,2000,2000,0.4845,4.275230169296265,0.553495057899149,0.05118095478010576,0.41136488649277275,-0.05118095478010578,1.005694401834314,0.9545134470542082,1.008876419443558,0.027731755510983058,1.036608174954541,0.47845418366740705,0.46442665646525727,0.489170124083178,0.7358866631997312,0.4845,0.034219647218210955,0.9715700675033144,0.019,0.012,0.39171643949835794,0.11215321185551727,0.5721118836119686,0.15,0.03711008186248405,0.9579292297150516,
baseline,baseline_synthetic,synthetic,baseline,default,x_learner,23,2000,2000,0.5095,4.310755968093872,0.46692244842208763,0.044081332624681835,0.3625343211089427,-0.044081332624682015,0.9863786558371623,0.9422973232124805,0.9676430110209648,0.02101513000462263,0.9886581410255875,0.4718101615337513,0.38744553769143575,0.42088240837887075,0.5676314089931948,0.5095,0.03343433008754991,0.9807621761707214,0.0125,0.0145,0.35997595131842597,0.10462234707657854,0.5771773054928375,0.2,0.025464782350892595,0.9732012578498234,
baseline,baseline_synthetic,synthetic,baseline,default,x_learner,24,2000,2000,0.4985,4.334590196609497,0.4916356467658721,0.0038586192384698625,0.36918779788576245,0.003858619238469899,0.9987093506981598,1.0025679699366297,0.9465757699245855,0.021694427840049713,0.9682701977646352,0.4662551739646363,0.3966695426307459,0.4501881749829395,0.6240291904145521,0.4985,0.02606832422755538,0.9746277408550127,0.025,0.0215,0.38979050811457305,0.11282957453595018,0.5910811456998403,0.25,0.03061599735796627,0.9782816224506061,
baseline,baseline_synthetic,synthetic,baseline,default,x_learner,25,2000,2000,0.494,4.2275710105896,0.48862869771414524,0.02007804423314319,0.3689047277273262,-0.020078044233143216,0.9991239276584803,0.9790458834253372,0.9470735632579217,0.020198233153832512,0.9672717964117542,0.4846073478042816,0.3945397308290154,0.42641929534250894,0.6186216296981155,0.494,0.03541556417481448,0.9655634999167437,0.0085,0.0085,0.3181378118449057,0.10049890231683926,0.600592811033575,0.15,0.03899025445080996,0.9756290023588512,
baseline,baseline_synthetic,synthetic,baseline,default,x_learner,26,2000,2000,0.5015,4.365797758102417,0.5634179524628036,0.1583945794916367,0.439898927889765,-0.15839457949163657,1.0171306539049356,0.8587360744132989,0.9863467672498971,0.0388098900487992,1.0251566572986963,0.516928953925544,0.5398244177953846,0.48835859349723204,0.687487523764784,0.5015,0.02970454911521404,0.9676002971135022,0.0275,0.023,0.3818444365999294,0.10436878847557915,0.6772436761102943,0.15,0.033894051748721864,0.9581517856447924,
baseline,baseline_synthetic,synthetic,baseline,default,x_learner,27,2000,2000,0.5025,4.404688119888306,0.5321273649281485,0.01509848008921233,0.4044806706206839,-0.015098480089212359,0.9959384935616975,0.9808400134724852,0.9317413282423145,0.030881893272419303,0.9626232215147338,0.5412646250876403,0.4390147005145447,0.488394634572223,0.6390676875757569,0.5025,0.018838961581934238,0.9719022664894751,0.0185,0.014,0.35241381034525865,0.1148452780017188,0.6144849196634338,0.25,0.017249130780206557,0.9643938427362861,
baseline,baseline_synthetic,synthetic,baseline,default,x_learner,28,2000,2000,0.5155,4.376374959945679,0.5103138256200089,0.02041357820365375,0.3919324754644824,0.020413578203653793,0.9766359953808899,0.9970495735845436,0.8305214883068466,0.017466173945841046,0.8479876622526876,0.5440195666836865,0.42224513561330007,0.4119225429056171,0.6306761273729057,0.5155,0.054322568352990576,0.9714135389687693,0.007,0.008,0.33972147233491384,0.09347980992333009,0.5192338131723825,0.15,0.04987510113925712,0.9689901252091718,
baseline,baseline_synthetic,synthetic,baseline,default,x_learner,29,2000,2000,0.499,4.2587361335754395,0.48022574174350713,0.004388289099649834,0.36235002182366405,0.0043882890996498215,0.9856623929546574,0.9900506820543072,0.8679209789596826,0.02024078142602226,0.8881617603857048,0.45000890416967193,0.41100789929398873,0.41769184203696247,0.6136489795592666,0.499,0.012072386528027395,0.9788842501699636,0.0265,0.021,0.3819295277181109,0.11317612905105323,0.6367503934939059,0.25,0.027173964070335486,0.9682146497692586,
baseline,baseline_synthetic,synthetic,baseline,default,neural_rep,0,2000,2000,0.5015,3.4477882385253906,0.5359075380762899,0.13609765626327075,0.39007872035408364,-0.13609765626327078,0.988634815670337,0.8525371594070662,0.9502338420979449,0.024407407678196935,0.9746412497761419,0.43600740712613545,0.364269556956144,0.41489494552669776,0.8086129930012734,0.5015,0.028614529247713533,0.9742087337563412,0.0235,0.025,0.3961445653010877,0.10901961827433163,0.6463457674163098,0.25,0.030255797901506145,0.9618833171064568,
baseline,baseline_synthetic,synthetic,baseline,default,neural_rep,1,2000,2000,0.504,3.735405445098877,0.556440083190044,0.1966675352606917,0.4235507329986896,-0.1966675352606918,0.9947717733296532,0.7981042380689615,1.0309516508750138,0.032947599906842484,1.0638992507818563,0.43026841264167787,0.4281834493909766,0.48439091246276955,0.7971171403226217,0.504,0.0400474627699318,0.9516231435316647,0.015,0.0165,0.377192140296979,0.10720741637231476,0.5475038568343314,0.15,0.04823166296560886,0.9599710610726617,
baseline,baseline_synthetic,synthetic,baseline,default,neural_rep,2,2000,2000,0.507,3.40872859954834,0.4440203766555979,0.05252677161666064,0.33395736404735704,-0.05252677161666075,0.9804604494287746,0.927933677812114,0.9271497359962285,0.010496718502649993,0.9376464544988785,0.39874222407357746,0.30439032008128186,0.34362701881867924,0.6472155925663216,0.507,0.03065240216029745,0.9766421970155198,0.016,0.0225,0.3726110317622254,0.10434600355279218,0.5970206145257971,0.15,0.038529832493794255,0.9659987332756537,
baseline,baseline_synthetic,synthetic,baseline,default,neural_rep,3,2000,2000,0.4975,3.1192104816436768,0.4685394332971216,0.13291599463254544,0.3440094247578536,-0.1329159946325454,1.0087926713972664,0.8758766767647209,0.873765208928917,0.028753207098398792,0.9025184160273158,0.33389479556599555,0.38749150248710107,0.40315410812914343,0.6737567575248335,0.4975,0.02710922010657526,0.9708120361692915,0.0225,0.018,0.3667641691042276,0.11446476020211335,0.6809082392728507,0.2,0.028289045013268385,0.9593894594492443,
baseline,baseline_synthetic,synthetic,baseline,default,neural_rep,4,2000,2000,0.4795,2.5328543186187744,0.5290207108391888,0.16418851914660515,0.40025845955489386,-0.16418851914660512,0.9903193784566898,0.8261308593100847,0.9164202871713446,0.005915296513204549,0.9223355836845492,0.44299056610121545,0.20207064778271341,0.3452500933892379,0.8736022176322151,0.4795,0.012552305516356348,0.9771045164612736,0.0195,0.0095,0.3662927380927339,0.1000328571608901,0.5569797449163424,0.2,0.017193404491357145,0.9769899468579579,
baseline,baseline_synthetic,synthetic,baseline,default,neural_rep,5,2000,2000,0.5025,2.955289125442505,0.4916015791553449,0.05253618801664173,0.368720146008228,-0.05253618801664175,0.9664879542782492,0.9139517662616075,0.9674766608690138,0.012791749328516677,0.9802684101975305,0.3665460336979565,0.4087614037414589,0.43785257905164876,0.6881363887497475,0.5025,0.015963375239138947,0.9603199240263416,0.0305,0.016,0.37606440161004023,0.1152547001794896,0.6098531315723713,0.15,0.027943533029464323,0.9320319340477532,
baseline,baseline_synthetic,synthetic,baseline,default,neural_rep,6,2000,2000,0.492,3.157468557357788,0.44057975045890335,0.09040694025016616,0.326078283119171,-0.09040694025016621,1.003619649399195,0.9132127091490287,1.0232855406128738,0.012647937417836319,1.0359334780307101,0.315778835242877,0.322943696220903,0.3837913757357955,0.6520255687105965,0.492,0.032312212231972906,0.9655440861709046,0.015,0.0115,0.3553869790666411,0.09680856401643036,0.5423450155934014,0.15,0.026336015377497433,0.9561696257484746,
baseline,baseline_synthetic,synthetic,baseline,default,neural_rep,7,2000,2000,0.5055,2.49025821685791,0.4974112222240998,0.151903710475491,0.3721239067845014,-0.15190371047549098,0.9985860310672204,0.8466823205917294,0.9845272478409174,0.017723616691400657,1.002250864532318,0.41054427562087636,0.30663382225042846,0.41497635280196876,0.7449130280778351,0.5055,0.028966682825451964,0.9582037089304637,0.009,0.0205,0.38823397631113366,0.11654949019167812,0.5358975997063444,0.25,0.02971233266409221,0.9656940169490835,
baseline,baseline_synthetic,synthetic,baseline,default,neural_rep,8,2000,2000,0.4925,3.436603546142578,0.4572722985218108,0.046748251252134665,0.35608667062274596,0.046748251252134804,1.0063284488837538,1.0530767001358885,1.0310923906568223,0.010868106308785652,1.041960496965608,0.500016930391632,0.3808604428057905,0.37403450606469474,0.5490158473870559,0.4925,0.026265791169016634,0.9673170564827458,0.0175,0.0165,0.376034607786752,0.10186432388624574,0.5277392885616098,0.2,0.02879480163107263,0.9655988709120248,
baseline,baseline_synthetic,synthetic,baseline,default,neural_rep,9,2000,2000,0.4895,4.081825256347656,0.5026834681972275,0.0765889429098574,0.3799073762093422,-0.07658894290985749,1.000148146210073,0.9235592033002156,0.9010592134216068,0.006211486583503123,0.9072707000051099,0.39426445583730146,0.355053395495624,0.4373164620175616,0.7334913864892751,0.4895,0.033181406310617716,0.971011923266994,0.022,0.013,0.37151583848477177,0.11280238399758895,0.5776465505594623,0.25,0.035819472134631776,0.9654650696119208,
baseline,baseline_synthetic,synthetic,baseline,default,neural_rep,10,2000,2000,0.4945,3.294590711593628,0.5120018219875557,0.19765976984621392,0.38956216564544155,-0.19765976984621392,1.0102761104198241,0.8126163405736102,1.0015559838077843,0.019776938718859105,1.0213329225266434,0.3655145804388919,0.3916221336642584,0.45548786528251756,0.7444094729149517,0.4945,0.027591771242000646,0.9763142187154301,0.022,0.017,0.3785388031951866,0.11058039073535975,0.5904365694326016,0.2,0.034386486017649716,0.9738601279717383,
baseline,baseline_synthetic,synthetic,baseline,default,neural_rep,11,2000,2000,0.485,3.1877281665802,0.4586361857963683,0.042755436776726,0.34410949423050347,-0.042755436776725934,1.004209171295834,0.9614537345191081,1.011925415995667,0.016036704034767313,1.0279621200304343,0.3719874011792806,0.3872256384270701,0.4048476862846172,0.6238338183410614,0.485,0.030366338101620018,0.9695850252982309,0.018,0.012,0.36369732759483536,0.11056061217099941,0.5745972347548176,0.25,0.02335924492611696,0.9659980123959844,
baseline,baseline_synthetic,synthetic,baseline,default,neural_rep,12,2000,2000,0.4995,2.633915662765503,0.5273611692822223,0.1392284485593207,0.39347382255814256,-0.13922844855932073,1.0076912717470716,0.8684628231877509,1.0085586276437417,0.00777372934407583,1.0163323569878175,0.4230077226929325,0.3423457212486736,0.429020615164143,0.7951379735089349,0.4995,0.02827685261611543,0.9885055248206732,0.031,0.036,0.421993421993422,0.10577004751833623,0.6983956475246054,0.2,0.040759956163083894,0.9790636568070907,
baseline,baseline_synthetic,synthetic,baseline,default,neural_rep,13,2000,2000,0.501,2.984055280685425,0.4921866325050841,0.006764880654690497,0.3670928685013701,-0.006764880654690424,0.9934729095450703,0.9867080288903798,0.9650176218135624,0.006962785832203111,0.9719804076457655,0.48801845873732064,0.2993469029156058,0.3506602727923869,0.7199010443098638,0.501,0.029797982132540864,0.9680958843119472,0.009,0.01,0.33170132680530723,0.09860889392293262,0.5433266313618397,0.15,0.02854443844361873,0.9794365695399461,
baseline,baseline_synthetic,synthetic,baseline,default,neural_rep,14,2000,2000,0.504,3.982698440551758,0.4731695766229461,0.03401815766458505,0.35373794037189055,-0.034018157664585096,0.9864716718243007,0.9524535141597157,0.8450019850397447,0.008629182045822414,0.8536311670855671,0.45501893122860043,0.30630176195098974,0.3473783217664936,0.6884933531866143,0.504,0.026168134819385156,0.9728339103810405,0.0285,0.0225,0.40890616999487966,0.11686818516322106,0.6312584881353379,0.15,0.02434791943468717,0.9664973002302226,
baseline,baseline_synthetic,synthetic,baseline,default,neural_rep,15,2000,2000,0.5215,3.6314704418182373,0.4650701217626518,0.11640552478835364,0.35034180586766445,-0.11640552478835368,0.9872567721697856,0.8708512473814319,1.0445132125921994,0.012052395676442673,1.056565608268642,0.3604515168055202,0.3337353058642887,0.41519100272246356,0.6719172222349236,0.5215,0.037102515922878956,0.9651806227952491,0.01,0.016,0.371492890354265,0.09627517763497498,0.6111511999687926,0.15,0.027938846745364655,0.9594469453739467,
baseline,baseline_synthetic,synthetic,baseline,default,neural_rep,16,2000,2000,0.4965,3.3725879192352295,0.5285292723716652,0.10321063704526479,0.4115095483597786,0.10321063704526486,1.003893844164219,1.1071044812094837,1.0075246180318564,0.013865048049352069,1.0213896660812085,0.6005409424217532,0.40722339821748077,0.40494798755184486,0.6533831761011285,0.4965,0.018099334507720503,0.9792576526507237,0.03,0.0315,0.40525785763502414,0.11553145485936378,0.7482541978535057,0.25,0.03181518901303306,0.9629198231247029,
baseline,baseline_synthetic,synthetic,baseline,default,neural_rep,17,2000,2000,0.4925,2.83764386177063,0.48449552741451185,0.15768824017772098,0.3621198532813753,-0.15768824017772087,0.9793423811024536,0.8216541409247327,0.8872198672425629,0.013814411997801535,0.9010342792403644,0.3400065586591979,0.3332296569560539,0.4293156982167261,0.7266259226018771,0.4925,0.026105301253780168,0.9739059966570436,0.0175,0.012,0.3656222650096272,0.09827040729878243,0.5912218839904231,0.15,0.02369437964679253,0.9690666264366539,
baseline,baseline_synthetic,synthetic,baseline,default,neural_rep,18,2000,2000,0.514,3.799455165863037,0.5233887867946463,0.0050280148393999635,0.40811120290251995,0.005028014839400088,0.9985727292068496,1.0036007440462495,1.0641727866043922,0.01529601014031945,1.0794687967447116,0.5561299134779171,0.39950221940871805,0.4351992220681716,0.66140942063392,0.514,0.030865142260502444,0.9682530219498647,0.017,0.0255,0.3949656530720085,0.10901040600335313,0.6484246353759319,0.2,0.04548582124628716,0.9568863136044911,
baseline,baseline_synthetic,synthetic,baseline,default,neural_rep,19,2000,2000,0.49,3.0187389850616455,0.45744729646192733,0.08560938742830371,0.345499492487763,-0.08560938742830379,1.0013442425231096,0.9157348550948059,0.9241203645571012,0.007375493811218159,0.9314958583683194,0.33168485201349407,0.34178463865740094,0.43369457539395784,0.6496995853144565,0.49,0.028639032735851253,0.9603535998158355,0.011,0.0115,0.3667066826730692,0.10183948103512781,0.5686019813182949,0.2,0.02597494661414801,0.964467516427441,
baseline,baseline_synthetic,synthetic,baseline,default,neural_rep,20,2000,2000,0.4815,3.2572813034057617,0.46033637250075116,0.12061152905211447,0.3504016252626787,-0.12061152905211472,0.9972729066129272,0.8766613775608127,1.02372414985116,0.010517426058678003,1.034241575909838,0.34690610196881017,0.34726592537608464,0.4071312164542689,0.6640369036932855,0.4815,0.045887744475715864,0.9605413717677646,0.0205,0.021,0.36713560864823946,0.10814924866513102,0.608090504467289,0.2,0.06087925632310017,0.9557405797190407,
baseline,baseline_synthetic,synthetic,baseline,default,neural_rep,21,2000,2000,0.485,3.028550386428833,0.4895940294223606,0.08159711295351213,0.3648510706834387,-0.0815971129535121,0.9942709486025046,0.9126738356489925,0.9750762951073835,0.011168547464324496,0.986244842571708,0.41827106769626865,0.3323451382678852,0.4030472946830863,0.7148133713289521,0.485,0.023477663499994285,0.9779659564066838,0.024,0.014,0.36293664297868083,0.1018585086015494,0.6105872151172923,0.15,0.032872322840714174,0.9759708490075967,
baseline,baseline_synthetic,synthetic,baseline,default,neural_rep,22,2000,2000,0.4845,2.8012378215789795,0.5102201927166267,0.10339786148756325,0.378160798799237,-0.10339786148756323,1.005694401834314,0.9022965403467507,1.0250069363987997,0.011601238555741356,1.036608174954541,0.3880289446163499,0.37467989514165007,0.4421580534592178,0.7448780774736802,0.4845,0.034219647218210955,0.9715700675033144,0.019,0.012,0.39171643949835794,0.11215321185551727,0.5721118836119686,0.15,0.03711008186248405,0.9579292297150516,
baseline,baseline_synthetic,synthetic,baseline,default,neural_rep,23,2000,2000,0.5095,2.7667348384857178,0.44778899480980977,0.07765081267442375,0.3477063770302956,-0.07765081267442384,0.9863786558371623,0.9087278431627386,0.9727892443237411,0.015868896701846325,0.9886581410255875,0.4164363562026131,0.33886346935350004,0.3731035320835368,0.6120506516688864,0.5095,0.03343433008754991,0.9807621761707214,0.0125,0.0145,0.35997595131842597,0.10462234707657854,0.5771773054928375,0.2,0.025464782350892595,0.9732012578498234,
baseline,baseline_synthetic,synthetic,baseline,default,neural_rep,24,2000,2000,0.4985,2.5826635360717773,0.48708230922021084,0.09426125157155785,0.35513022657950305,-0.0942612515715578,0.9987093506981598,0.904448099126602,0.9600391186826043,0.008231079082030912,0.9682701977646352,0.35068729675402044,0.29717476761832395,0.3906395340677017,0.7649202805723574,0.4985,0.02606832422755538,0.9746277408550127,0.025,0.0215,0.38979050811457305,0.11282957453595018,0.5910811456998403,0.25,0.03061599735796627,0.9782816224506061,
baseline,baseline_synthetic,synthetic,baseline,default,neural_rep,25,2000,2000,0.494,3.1654562950134277,0.46604344186883245,0.02302066899736388,0.3538218434436335,-0.023020668997364022,0.9991239276584803,0.9761032586611165,0.953374632002294,0.013897164409460205,0.9672717964117542,0.4057476919071485,0.39936127498742263,0.43654507609335286,0.5950577601602065,0.494,0.03541556417481448,0.9655634999167437,0.0085,0.0085,0.3181378118449057,0.10049890231683926,0.600592811033575,0.15,0.03899025445080996,0.9756290023588512,
baseline,baseline_synthetic,synthetic,baseline,default,neural_rep,26,2000,2000,0.5015,3.079371929168701,0.5373866513119134,0.16723421028000418,0.3977476148794379,-0.167234210280004,1.0171306539049356,0.8498964436249314,1.0072157123076897,0.017940944991006624,1.0251566572986963,0.4364236054709767,0.36385933483019317,0.4618335292624938,0.7867580722982891,0.5015,0.02970454911521404,0.9676002971135022,0.0275,0.023,0.3818444365999294,0.10436878847557915,0.6772436761102943,0.15,0.033894051748721864,0.9581517856447924,
baseline,baseline_synthetic,synthetic,baseline,default,neural_rep,27,2000,2000,0.5025,2.8841793537139893,0.5123130273093763,0.03251627107369148,0.3984110106040581,-0.032516271073691566,0.9959384935616975,0.963422222488006,0.9485728817233713,0.014050339791362498,0.9626232215147338,0.45928054085289566,0.39726303915534544,0.45416761532254835,0.6890818467430054,0.5025,0.018838961581934238,0.9719022664894751,0.0185,0.014,0.35241381034525865,0.1148452780017188,0.6144849196634338,0.25,0.017249130780206557,0.9643938427362861,
baseline,baseline_synthetic,synthetic,baseline,default,neural_rep,28,2000,2000,0.5155,2.148205518722534,0.5361913000902904,0.023502903277185627,0.41043002334595835,0.023502903277185513,0.9766359953808899,1.0001388986580755,0.839839203712656,0.008148458540031656,0.8479876622526876,0.6390474615087168,0.30324379921827427,0.2611142304863161,0.7625518605200136,0.5155,0.054322568352990576,0.9714135389687693,0.007,0.008,0.33972147233491384,0.09347980992333009,0.5192338131723825,0.15,0.04987510113925712,0.9689901252091718,
baseline,baseline_synthetic,synthetic,baseline,default,neural_rep,29,2000,2000,0.499,2.7581467628479004,0.5253119342693273,0.15347899509135865,0.38441307316059115,-0.15347899509135857,0.9856623929546574,0.8321833978632988,0.8666940581292072,0.021467702256497634,0.8881617603857048,0.3556681562328906,0.3819488766672176,0.457397350218857,0.788805042713625,0.499,0.012072386528027395,0.9788842501699636,0.0265,0.021,0.3819295277181109,0.11317612905105323,0.6367503934939059,0.25,0.027173964070335486,0.9682146497692586,
