experiment,config_name,dataset,condition,condition_value,model,seed,n_train,n_test,treated_fraction_train,fit_seconds,pehe,abs_ate_error,cate_mae,cate_bias,ate_true,ate_hat,policy_value,policy_regret,optimal_policy_value,pehe_tau_q1,pehe_tau_q2,pehe_tau_q3,pehe_tau_q4,diag_treated_fraction,diag_ps_min,diag_ps_max,diag_ps_frac_below_0.1,diag_ps_frac_above_0.9,diag_ps_ks_treated_vs_control,diag_smd_mean,diag_smd_max,diag_smd_frac_above_0.1,error
baseline,baseline_ihdp,ihdp,baseline,default,s_learner,0,672,75,0.18303571428571427,0.30516743659973145,0.4883990179814901,0.0007191933528414296,0.39154808757596377,0.0007191933528416901,4.05634575318767,4.057064946540511,6.44088717118196,0.0,6.44088717118196,0.570390109817455,0.43206917840336856,0.3634021158161116,0.5543606360265128,0.18303571428571427,0.015537093975601997,0.5622980946615538,0.31547619047619047,0.0,0.3786485405837665,0.1840815109040787,0.37851628205057564,0.68,
baseline,baseline_ihdp,ihdp,baseline,default,s_learner,1,672,75,0.19196428571428573,0.3023667335510254,0.4084039690481718,0.16975097225486024,0.30960341087256726,-0.16975097225485888,4.2142477603062325,4.044496788051372,8.238802977146783,0.0,8.238802977146783,0.4120810574694631,0.21359373547592775,0.34782922325462373,0.569543246037151,0.19196428571428573,0.014780819396271709,0.5968684185640735,0.28273809523809523,0.0,0.36866675232344,0.17594519971689987,0.38953028248571747,0.64,
baseline,baseline_ihdp,ihdp,baseline,default,s_learner,2,672,75,0.18154761904761904,0.3574974536895752,0.6557379108652811,0.19583181033831654,0.44823462149434873,-0.19583181033831712,4.064009157208732,3.8681773468704153,7.462933979593411,0.0290861138587859,7.492020093452197,1.0356100531470844,0.4542805799959023,0.41888112668415367,0.5054756895894499,0.18154761904761904,0.01554288550564484,0.5701034846394465,0.3273809523809524,0.0,0.40321907600596124,0.178924329173562,0.42111588545858597,0.64,
baseline,baseline_ihdp,ihdp,baseline,default,s_learner,3,672,75,0.19047619047619047,0.3122901916503906,1.1201171916773662,0.03330721196200637,0.8182376784348995,-0.033307211962007685,4.011240467092333,3.9779332551303264,12.371627322290355,0.08764488025794748,12.459272202548302,1.7121077467232733,0.6343821918971129,0.5786583140056936,1.1424522613615098,0.19047619047619047,0.0165943188066821,0.5727596596424224,0.27827380952380953,0.0,0.36672794117647056,0.17660289427310588,0.3762902074312649,0.68,
baseline,baseline_ihdp,ihdp,baseline,default,s_learner,4,672,75,0.18601190476190477,0.3020031452178955,1.4997705034771214,0.1505330855289131,1.0623464530447262,-0.15053308552891406,4.163696052943034,4.013162967414121,11.24351711893177,0.13850569471886764,11.382022813650638,2.0515448463380137,1.3467845617136232,1.513932256993272,0.8122009039680302,0.18601190476190477,0.014909819501311839,0.5517940105889383,0.30952380952380953,0.0,0.39072760511883,0.17852572689103735,0.37453576081259893,0.68,
baseline,baseline_ihdp,ihdp,baseline,default,s_learner,5,672,75,0.19345238095238096,0.30120253562927246,0.621147391737623,0.09248127529569539,0.43091065892085983,0.09248127529569568,3.9331437410854035,4.025625016381099,6.383491605800797,0.0,6.383491605800797,0.9935788156862728,0.46891795109659806,0.5263979619187729,0.22446585646231193,0.19345238095238096,0.016859497504150667,0.5992615257193149,0.27976190476190477,0.0,0.3971898949758728,0.17606695196495736,0.40839385268331657,0.64,
baseline,baseline_ihdp,ihdp,baseline,default,s_learner,6,672,75,0.18452380952380953,0.29715538024902344,0.5019932213365423,0.2427324697829838,0.41361760178318163,-0.24273246978298482,4.016693170673207,3.7739607008902234,5.467977141813069,0.0,5.467977141813069,0.5663655025055921,0.4875523802407585,0.5291556944014851,0.4107964505498991,0.18452380952380953,0.0122836648095902,0.5601753357873364,0.2916666666666667,0.0,0.3874499646809513,0.1707833552677563,0.40026893257586565,0.64,
baseline,baseline_ihdp,ihdp,baseline,default,s_learner,7,672,75,0.18898809523809523,0.28850769996643066,0.9702000277182425,0.019647703949488893,0.6019593486242358,0.019647703949489764,3.5578866081987015,3.5775343121481904,8.381534215985404,0.13122708976815112,8.512761305753555,1.7113308520717057,0.6053463267459244,0.599390360985407,0.46409511709394646,0.18898809523809523,0.013495985011059728,0.5932627568172648,0.3020833333333333,0.0,0.4084230296900961,0.18544552237956252,0.43473334556619453,0.68,
baseline,baseline_ihdp,ihdp,baseline,default,s_learner,8,672,75,0.19345238095238096,0.2967398166656494,21.429929500376975,1.7702389090678707,10.049518107886781,1.7702389090678707,10.668346257956449,12.43858516702432,57.15069571368594,0.9106203790754535,58.061316092761395,40.79909210659541,6.890141540007945,7.161615345003441,7.208801641479387,0.19345238095238096,0.01480705591124428,0.6894771163752703,0.3020833333333333,0.0,0.40607436843599204,0.1824866843491901,0.3560993634276682,0.64,
baseline,baseline_ihdp,ihdp,baseline,default,s_learner,9,672,75,0.1800595238095238,0.29266953468322754,3.050673957633111,0.1554471237153381,1.915393460511331,0.15544712371533728,5.304671650267495,5.460118773982833,26.531497980055367,0.056602875486831294,26.588100855542198,5.509031330772504,1.4160264486429495,2.0818028626119984,1.282771482358419,0.1800595238095238,0.015356333100467318,0.614268559303028,0.3273809523809524,0.0,0.36747611405258657,0.1805341423846863,0.3874702659193068,0.68,
baseline,baseline_ihdp,ihdp,baseline,default,s_learner,10,672,75,0.18601190476190477,0.29138803482055664,0.568850262860639,0.10215502518176489,0.40151212910849626,-0.10215502518176416,4.335689215411743,4.233534190229978,8.59894756807673,0.0,8.59894756807673,0.6768598736761624,0.4070144605446994,0.5279814595560789,0.6192623898746418,0.18601190476190477,0.015471563899278569,0.580730954614321,0.28422619047619047,0.0,0.38249360146252287,0.1757904914173024,0.36082088623975367,0.64,
baseline,baseline_ihdp,ihdp,baseline,default,s_learner,11,672,75,0.1875,0.29012370109558105,1.6113683071458227,0.15239990804795056,1.250365582593675,-0.1523999080479508,4.390080635994342,4.237680727946391,13.44385613242315,0.10706544437195298,13.550921576795103,2.2484802051350194,0.9701983828093043,1.356238439084699,1.569262072059447,0.1875,0.01741262031357248,0.6618507329651547,0.30952380952380953,0.0,0.38400488400488403,0.18346590456712608,0.40355290335897287,0.6,
baseline,baseline_ihdp,ihdp,baseline,default,s_learner,12,672,75,0.18303571428571427,0.2927994728088379,21.827786767998383,4.927006291456495,14.613140805393414,4.927006291456492,8.167656931020298,13.094663222476793,84.1787340473408,0.5122422245382978,84.6909762718791,38.41930719703881,10.891205136368955,11.42952635672665,12.715350906502845,0.18303571428571427,0.016671550331679295,0.578495639764899,0.3288690476190476,0.0,0.38144742103158735,0.17752235681875578,0.375524745742867,0.64,
baseline,baseline_ihdp,ihdp,baseline,default,s_learner,13,672,75,0.18303571428571427,0.2854294776916504,0.4639714385311399,0.02033551890173868,0.3561095786452366,0.020335518901737567,3.9256817327171536,3.9460172516188923,6.247837970016093,0.0,6.247837970016093,0.46474184689280906,0.48275253968523774,0.4076326644917996,0.5201522132151976,0.18303571428571427,0.014032908181168827,0.61156006145801,0.36160714285714285,0.0,0.4250299880047981,0.18868005232949286,0.42812996619243,0.6,
baseline,baseline_ihdp,ihdp,baseline,default,s_learner,14,672,75,0.19047619047619047,0.28627657890319824,1.548895352449651,0.20225091858198851,1.070584563954189,0.20225091858198802,3.9636861517499717,4.16593707033196,10.454824202390894,0.09391549195213322,10.548739694343027,2.7120335992598226,0.6696630180835416,0.8737282488322952,0.9626353163308085,0.19047619047619047,0.01283987166930908,0.5913113117625519,0.30952380952380953,0.0,0.4094669117647059,0.1893381854682727,0.4032651071445681,0.64,
baseline,baseline_ihdp,ihdp,baseline,default,s_learner,15,672,75,0.19345238095238096,0.2939274311065674,0.7094632502859322,0.010774234879455058,0.5082257081135018,-0.010774234879455934,4.488906434591061,4.478132199711606,8.900826912840778,0.0129099120055578,8.913736824846335,1.0847311446750967,0.401778823297925,0.6175033233393885,0.5253368619003886,0.19345238095238096,0.013771473535222034,0.5823490563892421,0.29017857142857145,0.0,0.41038887311950045,0.18737543530427606,0.38365521215114984,0.68,
baseline,baseline_ihdp,ihdp,baseline,default,s_learner,16,672,75,0.18452380952380953,0.2914113998413086,1.8464784165684371,0.0516514550474505,1.4769122021824066,-0.05165145504744959,3.8251275537781826,3.773476098730732,14.605025003171129,0.13033293763291454,14.735357940804043,2.6699288787747033,1.347598237949114,1.623763461304552,1.4046048441068928,0.18452380952380953,0.01643692499010905,0.5842100480842497,0.31994047619047616,0.0,0.37673651989639745,0.18297148387238008,0.40866248569475044,0.64,
baseline,baseline_ihdp,ihdp,baseline,default,s_learner,17,672,75,0.19047619047619047,0.31380319595336914,1.333844626578973,0.1631619934299624,0.9066319109860225,-0.1631619934299624,3.7452895448900776,3.582127551460115,12.497086822452527,0.05486290779222536,12.551949730244752,2.0022154635171554,1.0854536966768125,1.0451170314503815,0.8975476949053701,0.19047619047619047,0.013476380342139428,0.5887260388472878,0.2931547619047619,0.0,0.39016544117647056,0.17703394042223594,0.39867588841528373,0.64,
baseline,baseline_ihdp,ihdp,baseline,default,s_learner,18,672,75,0.19196428571428573,0.2944767475128174,1.6482540525826206,0.019365372431120687,1.094535755409828,0.019365372431121592,3.9330175940637546,3.9523829664948753,11.096316337420133,0.17308027611243837,11.269396613532571,2.8681215185967166,0.9815572231528172,1.057395000704263,0.6833941889075206,0.19196428571428573,0.010555947128387845,0.6221962742786185,0.3229166666666667,0.0,0.4100389738318558,0.19747708740398498,0.4434779232077364,0.68,
baseline,baseline_ihdp,ihdp,baseline,default,s_learner,19,672,75,0.1800595238095238,0.2927577495574951,0.7711460012038234,0.001571453151849589,0.519209078048433,-0.001571453151848902,4.182856218826348,4.181284765674499,7.383558221117317,0.029765237765394303,7.4133234588827115,1.2077391272758877,0.503107278155457,0.4624926350680828,0.6595742380343467,0.1800595238095238,0.013806755208880923,0.5773035454954967,0.3125,0.0,0.3819951703139296,0.1801313019120182,0.41654759417115234,0.64,
baseline,baseline_ihdp,ihdp,baseline,default,s_learner,20,672,75,0.18303571428571427,0.29630041122436523,2.9511172610383114,0.8659859051308771,2.077096618269665,-0.8659859051308768,4.722805469184018,3.856819564053141,20.1909197426441,0.23975654641647992,20.430676289060578,4.080487448680782,2.2945355485635455,2.6917806375790447,2.3439591467455116,0.18303571428571427,0.017580336562783787,0.5613705514801535,0.2961309523809524,0.0,0.38104758096761293,0.16879439172196012,0.3655902985857423,0.64,
baseline,baseline_ihdp,ihdp,baseline,default,s_learner,21,672,75,0.1800595238095238,0.29039573669433594,0.42379644294949087,0.11756313820950082,0.3439274250718871,-0.11756313820950012,4.107409742058923,3.9898466038494225,7.276592063734127,0.0,7.276592063734127,0.5615472729679003,0.4162514388565063,0.3247745418859945,0.35213777051798384,0.1800595238095238,0.013549389161361159,0.5467422714251008,0.34077380952380953,0.0,0.40477868938518996,0.1803477417451047,0.37690713236920903,0.68,
baseline,baseline_ihdp,ihdp,baseline,default,s_learner,22,672,75,0.18452380952380953,0.28846025466918945,1.2833155593425996,0.12270206408701334,0.9897308948143977,0.12270206408701274,4.623469641373431,4.746171705460444,11.064710324451184,0.0738837801426282,11.138594104593812,2.061926037697355,0.9043484928206841,0.9040045973332221,0.8107721363860337,0.18452380952380953,0.013873625193160872,0.6040224336782075,0.30357142857142855,0.0,0.37962090887685424,0.18474807861552772,0.3733718584533806,0.68,
baseline,baseline_ihdp,ihdp,baseline,default,s_learner,23,672,75,0.18452380952380953,0.336514949798584,4.016821898438914,0.8878296962442485,2.2875991989043456,0.8878296962442486,2.019971662565434,2.9078013588096825,16.493960759229626,0.2921370924144533,16.78609785164408,7.5086558613857655,1.3591362450975617,1.4900422455139406,1.8275840000776398,0.18452380952380953,0.013045008086306197,0.5695740534206457,0.29464285714285715,0.0,0.4062279255945373,0.18043539779170265,0.3958742653850422,0.64,
baseline,baseline_ihdp,ihdp,baseline,default,s_learner,24,672,75,0.18452380952380953,0.30753016471862793,2.6433144142718255,0.5743211107612716,1.1432405626159972,0.574321110761273,4.015211833260161,4.589532944021433,10.463190959301151,0.24497318967928727,10.708164148980439,5.132893649904483,0.5348059147461017,0.5160146847220174,0.8347870894881104,0.18452380952380953,0.015405953425030691,0.5854415196335634,0.31398809523809523,0.0,0.39904638568401224,0.18415006753825558,0.40724298221597505,0.64,
baseline,baseline_ihdp,ihdp,baseline,default,s_learner,25,672,75,0.17857142857142858,0.302140474319458,7.980353277239076,1.6748722158115985,5.34544886465807,1.674872215811597,2.3657951812226976,4.040667397034296,35.97973265884307,0.5360911502977217,36.51582380914079,13.894247747488421,5.539400896550033,4.141355196442076,3.4815728270041117,0.17857142857142858,0.013645521759281732,0.5734559729128814,0.34523809523809523,0.0,0.3789855072463768,0.1943690908045554,0.4049938513041168,0.68,
baseline,baseline_ihdp,ihdp,baseline,default,s_learner,26,672,75,0.18154761904761904,0.30333447456359863,0.7561906110176981,0.09252785844355405,0.5393912600430504,0.09252785844355475,4.069120522463573,4.161648380907127,8.988753331461467,0.029943487235994937,9.018696818697462,1.0867961803174782,0.590310418169173,0.43256450592833157,0.7475539480787312,0.18154761904761904,0.012761059669307876,0.5588221332571895,0.2857142857142857,0.0,0.3951117734724292,0.1739283739874525,0.3824062815161629,0.64,
baseline,baseline_ihdp,ihdp,baseline,default,s_learner,27,672,75,0.18601190476190477,0.2971980571746826,35.897404049765825,7.653210828429816,19.88800726987423,7.653210828429815,-0.6684755489869564,6.98473527944286,81.59215340345392,1.255456198884417,82.84760960233834,68.19087432904247,8.98161622981355,13.19687428629279,13.641688718111208,0.18601190476190477,0.016388737782577916,0.5971132113641607,0.31101190476190477,0.0,0.4133528336380256,0.18391883189618366,0.37453576081259893,0.64,
baseline,baseline_ihdp,ihdp,baseline,default,s_learner,28,672,75,0.18898809523809523,0.29506611824035645,1.0080581701867508,0.05288833053431752,0.747601390785308,-0.05288833053431643,3.7867168106442683,3.733828480109951,10.028889879406734,0.02560291402505399,10.054492793431788,1.5163048762951867,1.0495827682757664,0.6447422936013465,0.6258910718671932,0.18898809523809523,0.015601823650282235,0.6162501837139163,0.3020833333333333,0.0,0.37058441089359245,0.18125370686711118,0.41108319496819673,0.64,
baseline,baseline_ihdp,ihdp,baseline,default,s_learner,29,672,75,0.1875,0.295224666595459,1.1907752282367576,0.2879806051813514,0.9096302615826416,-0.28798060518135093,5.052511980262755,4.764531375081404,11.344938263210697,0.02716936678371873,11.372107629994415,1.5223988166792268,1.1784930768684454,1.1560067517468,0.7920576453798841,0.1875,0.011679989991218618,0.5838689209700921,0.32589285714285715,0.0,0.39255189255189255,0.1859399703013082,0.40878972159479804,0.64,
baseline,baseline_ihdp,ihdp,baseline,default,t_learner,0,672,75,0.18303571428571427,0.4444892406463623,0.8390665956870899,0.005497497457233713,0.6615070122183202,-0.005497497457233429,4.05634575318767,4.050848255730436,6.44088717118196,0.0,6.44088717118196,1.0654688592824701,0.7690735177352771,0.715592280590136,0.7559342493301567,0.18303571428571427,0.015537093975601997,0.5622980946615538,0.31547619047619047,0.0,0.3786485405837665,0.1840815109040787,0.37851628205057564,0.68,
baseline,baseline_ihdp,ihdp,baseline,default,t_learner,1,672,75,0.19196428571428573,0.43526387214660645,0.8445716055151112,0.17833841724591526,0.6827658293197099,-0.1783384172459149,4.2142477603062325,4.035909343060317,8.238802977146783,0.0,8.238802977146783,0.8284260260202972,0.7924409908187203,0.883165429262243,0.8686079143282331,0.19196428571428573,0.014780819396271709,0.5968684185640735,0.28273809523809523,0.0,0.36866675232344,0.17594519971689987,0.38953028248571747,0.64,
baseline,baseline_ihdp,ihdp,baseline,default,t_learner,2,672,75,0.18154761904761904,0.4278073310852051,0.8262612296631634,0.006155452088046687,0.6478804586331482,0.0061554520880476166,4.064009157208732,4.0701646092967785,7.492020093452197,0.0,7.492020093452197,1.1363802322924075,0.519925091107139,0.6779667874325581,0.823310897834972,0.18154761904761904,0.01554288550564484,0.5701034846394465,0.3273809523809524,0.0,0.40321907600596124,0.178924329173562,0.42111588545858597,0.64,
baseline,baseline_ihdp,ihdp,baseline,default,t_learner,3,672,75,0.19047619047619047,0.43697261810302734,1.0017961697532145,0.05705112324737893,0.7214868860041213,-0.05705112324737924,4.011240467092333,3.954189343844954,12.369006932820128,0.0902652697281745,12.459272202548302,1.4556168158524867,0.9529601968531944,0.4809024045801656,0.8666818046164831,0.19047619047619047,0.0165943188066821,0.5727596596424224,0.27827380952380953,0.0,0.36672794117647056,0.17660289427310588,0.3762902074312649,0.68,
baseline,baseline_ihdp,ihdp,baseline,default,t_learner,4,672,75,0.18601190476190477,0.4173085689544678,1.2514973727641003,0.10995914135156504,0.9465508770046466,0.1099591413515641,4.163696052943034,4.273655194294599,11.267101011514551,0.11492180213608627,11.382022813650638,1.7668514722020472,0.9588416921371091,1.1209922648141866,0.9660081903568056,0.18601190476190477,0.014909819501311839,0.5517940105889383,0.30952380952380953,0.0,0.39072760511883,0.17852572689103735,0.37453576081259893,0.68,
baseline,baseline_ihdp,ihdp,baseline,default,t_learner,5,672,75,0.19345238095238096,0.42260193824768066,0.9460118390215915,0.06740505621658732,0.7192103051870061,0.06740505621658821,3.9331437410854035,4.000548797301991,6.368607776879399,0.01488382892139839,6.383491605800797,1.0233259224610787,0.8692986158484649,1.0179964142722433,0.8562893708628039,0.19345238095238096,0.016859497504150667,0.5992615257193149,0.27976190476190477,0.0,0.3971898949758728,0.17606695196495736,0.40839385268331657,0.64,
baseline,baseline_ihdp,ihdp,baseline,default,t_learner,6,672,75,0.18452380952380953,0.42125701904296875,0.7796725308711256,0.09313171056001357,0.6044887999283634,-0.09313171056001439,4.016693170673207,3.9235614601131936,5.467977141813069,0.0,5.467977141813069,0.9359971704036606,0.6353125524756811,0.8278740451051363,0.6750688398792107,0.18452380952380953,0.0122836648095902,0.5601753357873364,0.2916666666666667,0.0,0.3874499646809513,0.1707833552677563,0.40026893257586565,0.64,
baseline,baseline_ihdp,ihdp,baseline,default,t_learner,7,672,75,0.18898809523809523,0.42661452293395996,1.2766418485691622,0.11232508077548564,1.0016164253183146,-0.11232508077548525,3.5578866081987015,3.445561527423216,8.379742251879618,0.1330190538739373,8.512761305753555,1.7271114163756054,1.1634866804645678,0.8435067146745655,1.2419157459013463,0.18898809523809523,0.013495985011059728,0.5932627568172648,0.3020833333333333,0.0,0.4084230296900961,0.18544552237956252,0.43473334556619453,0.68,
baseline,baseline_ihdp,ihdp,baseline,default,t_learner,8,672,75,0.19345238095238096,0.43166184425354004,16.472316256614373,1.7681137266420635,6.654914966874534,1.7681137266420621,10.668346257956449,12.436459984598512,57.77515408921806,0.2861620035433319,58.061316092761395,31.793384478510276,5.1261324571169515,5.1713989357434285,2.9344540911930843,0.19345238095238096,0.01480705591124428,0.6894771163752703,0.3020833333333333,0.0,0.40607436843599204,0.1824866843491901,0.3560993634276682,0.64,
baseline,baseline_ihdp,ihdp,baseline,default,t_learner,9,672,75,0.1800595238095238,0.4182429313659668,2.1587899553468772,0.15309091589029666,1.4076067736187716,0.1530909158902957,5.304671650267495,5.4577625661577915,26.529644214513628,0.05845664102857029,26.588100855542198,3.167968537249091,2.4396599091174695,1.414937501532714,0.9666498874004583,0.1800595238095238,0.015356333100467318,0.614268559303028,0.3273809523809524,0.0,0.36747611405258657,0.1805341423846863,0.3874702659193068,0.68,
baseline,baseline_ihdp,ihdp,baseline,default,t_learner,10,672,75,0.18601190476190477,0.44213271141052246,0.769365367285053,0.1561245512861742,0.6062772965294372,0.1561245512861753,4.335689215411743,4.491813766697917,8.59894756807673,0.0,8.59894756807673,0.674579461439144,0.7399041542673862,0.8557220600683538,0.7940882593630483,0.18601190476190477,0.015471563899278569,0.580730954614321,0.28422619047619047,0.0,0.38249360146252287,0.1757904914173024,0.36082088623975367,0.64,
baseline,baseline_ihdp,ihdp,baseline,default,t_learner,11,672,75,0.1875,0.4328136444091797,1.3125237213738312,0.27988648457130605,1.054314825258145,-0.2798864845713058,4.390080635994342,4.110194151423036,13.497669942090777,0.05325163470432592,13.550921576795103,1.6398021964270664,1.1207180534153856,1.2451201432629833,1.170908213994494,0.1875,0.01741262031357248,0.6618507329651547,0.30952380952380953,0.0,0.38400488400488403,0.18346590456712608,0.40355290335897287,0.6,
baseline,baseline_ihdp,ihdp,baseline,default,t_learner,12,672,75,0.18303571428571427,0.43021416664123535,12.897053358943836,1.2184623940770969,9.151997350130529,1.2184623940770967,8.167656931020298,9.386119325097395,84.65889938704082,0.03207688483827553,84.6909762718791,20.68817649162295,10.582906527243344,8.572881778223643,6.998806245928227,0.18303571428571427,0.016671550331679295,0.578495639764899,0.3288690476190476,0.0,0.38144742103158735,0.17752235681875578,0.375524745742867,0.64,
baseline,baseline_ihdp,ihdp,baseline,default,t_learner,13,672,75,0.18303571428571427,0.4226198196411133,0.8697086004177814,0.12750942015158184,0.6275912912373255,0.12750942015158173,3.9256817327171536,4.053191152868735,6.247837970016093,0.0,6.247837970016093,0.9434656570816821,0.8571678635380887,0.658607638056802,1.041569645305579,0.18303571428571427,0.014032908181168827,0.61156006145801,0.36160714285714285,0.0,0.4250299880047981,0.18868005232949286,0.42812996619243,0.6,
baseline,baseline_ihdp,ihdp,baseline,default,t_learner,14,672,75,0.19047619047619047,0.42328310012817383,1.181930339711989,0.4226458250947731,0.9284079890835598,0.42264582509477244,3.9636861517499717,4.386331976844745,10.477895212834234,0.07084448150879297,10.548739694343027,1.5960211700431044,0.988988357906994,0.9362928294541484,1.078779943927147,0.19047619047619047,0.01283987166930908,0.5913113117625519,0.30952380952380953,0.0,0.4094669117647059,0.1893381854682727,0.4032651071445681,0.64,
baseline,baseline_ihdp,ihdp,baseline,default,t_learner,15,672,75,0.19345238095238096,0.43305325508117676,0.8437761837201013,0.07969866332919118,0.6320818312503333,0.07969866332919087,4.488906434591061,4.568605097920252,8.913736824846335,0.0,8.913736824846335,0.9741989865831453,0.7056177366665942,0.6943790235286282,0.9525987062787172,0.19345238095238096,0.013771473535222034,0.5823490563892421,0.29017857142857145,0.0,0.41038887311950045,0.18737543530427606,0.38365521215114984,0.68,
baseline,baseline_ihdp,ihdp,baseline,default,t_learner,16,672,75,0.18452380952380953,0.42409849166870117,1.306120219655522,0.07861276165506714,1.1288182200389338,0.07861276165506705,3.8251275537781826,3.9037403154332497,14.694443783584738,0.040914157219305025,14.735357940804043,1.5048461101853166,1.0923284760956715,1.227654249678266,1.3534895728079404,0.18452380952380953,0.01643692499010905,0.5842100480842497,0.31994047619047616,0.0,0.37673651989639745,0.18297148387238008,0.40866248569475044,0.64,
baseline,baseline_ihdp,ihdp,baseline,default,t_learner,17,672,75,0.19047619047619047,0.42166924476623535,0.911965375783667,0.08508198298198266,0.6897538331960813,0.08508198298198477,3.7452895448900776,3.8303715278720603,12.532583662952277,0.019366067292475364,12.551949730244752,1.0379294290183796,0.8174557597502923,0.7943302979812015,0.9703756363302801,0.19047619047619047,0.013476380342139428,0.5887260388472878,0.2931547619047619,0.0,0.39016544117647056,0.17703394042223594,0.39867588841528373,0.64,
baseline,baseline_ihdp,ihdp,baseline,default,t_learner,18,672,75,0.19196428571428573,0.41832709312438965,1.1801021853472566,0.05884117662898847,0.857905925917558,-0.05884117662898709,3.9330175940637546,3.874176417434766,11.261705300540358,0.007691312992212929,11.269396613532571,1.8799104082878835,0.8959364594623448,0.8820376028496423,0.6517358617344793,0.19196428571428573,0.010555947128387845,0.6221962742786185,0.3229166666666667,0.0,0.4100389738318558,0.19747708740398498,0.4434779232077364,0.68,
baseline,baseline_ihdp,ihdp,baseline,default,t_learner,19,672,75,0.1800595238095238,0.4176011085510254,0.8885323088570595,0.08042881358465248,0.6751932699027422,0.08042881358465209,4.182856218826348,4.263285032411001,7.4133234588827115,0.0,7.4133234588827115,0.9865748630530986,1.011170070941122,0.6189401274290123,0.8895722323665756,0.1800595238095238,0.013806755208880923,0.5773035454954967,0.3125,0.0,0.3819951703139296,0.1801313019120182,0.41654759417115234,0.64,
baseline,baseline_ihdp,ihdp,baseline,default,t_learner,20,672,75,0.18303571428571427,0.423201322555542,2.3332333445300986,0.9143308629510214,1.6174713308457596,-0.9143308629510227,4.722805469184018,3.8084746062329966,20.184132840112657,0.24654344894792146,20.430676289060578,2.8744042213887804,2.7408811179688186,1.9825168453323319,1.4764061953846124,0.18303571428571427,0.017580336562783787,0.5613705514801535,0.2961309523809524,0.0,0.38104758096761293,0.16879439172196012,0.3655902985857423,0.64,
baseline,baseline_ihdp,ihdp,baseline,default,t_learner,21,672,75,0.1800595238095238,0.411574125289917,0.9152084924563124,0.03598206468258436,0.7561272325700126,-0.03598206468258365,4.107409742058923,4.071427677376339,7.276592063734127,0.0,7.276592063734127,0.946737157090832,1.0751368091567521,0.7366826165135434,0.8787763944928808,0.1800595238095238,0.013549389161361159,0.5467422714251008,0.34077380952380953,0.0,0.40477868938518996,0.1803477417451047,0.37690713236920903,0.68,
baseline,baseline_ihdp,ihdp,baseline,default,t_learner,22,672,75,0.18452380952380953,0.4466531276702881,1.3171470670717593,0.30744823018390566,1.0350981995686155,0.3074482301839035,4.623469641373431,4.9309178715573365,11.138594104593812,0.0,11.138594104593812,1.5801723153299665,1.2020606144975963,1.189282936586512,1.2521813431615458,0.18452380952380953,0.013873625193160872,0.6040224336782075,0.30357142857142855,0.0,0.37962090887685424,0.18474807861552772,0.3733718584533806,0.68,
baseline,baseline_ihdp,ihdp,baseline,default,t_learner,23,672,75,0.18452380952380953,0.449052095413208,1.6925828861888732,0.017445676578847547,1.1418027831701667,-0.017445676578847227,2.019971662565434,2.0025259859865865,16.73213686775693,0.05396098388714776,16.78609785164408,2.66748730163793,1.2875643476124314,1.1714679788130082,1.118111143242054,0.18452380952380953,0.013045008086306197,0.5695740534206457,0.29464285714285715,0.0,0.4062279255945373,0.18043539779170265,0.3958742653850422,0.64,
baseline,baseline_ihdp,ihdp,baseline,default,t_learner,24,672,75,0.18452380952380953,0.423126220703125,1.678586453968853,0.29995276992757613,0.8768933911634559,0.2999527699275768,4.015211833260161,4.315164603187737,10.681666985159229,0.026497163821209924,10.708164148980439,3.167216025067144,0.7147255784019574,0.5770026157189945,0.5236185093426634,0.18452380952380953,0.015405953425030691,0.5854415196335634,0.31398809523809523,0.0,0.39904638568401224,0.18415006753825558,0.40724298221597505,0.64,
baseline,baseline_ihdp,ihdp,baseline,default,t_learner,25,672,75,0.17857142857142858,0.4184446334838867,4.956525645915503,0.14120592309540436,3.291474576091883,-0.14120592309540447,2.3657951812226976,2.2245892581272932,36.433837669217034,0.0819861399237567,36.51582380914079,7.710523894449998,5.648001454528224,2.237399322262503,1.5154096809504343,0.17857142857142858,0.013645521759281732,0.5734559729128814,0.34523809523809523,0.0,0.3789855072463768,0.1943690908045554,0.4049938513041168,0.68,
baseline,baseline_ihdp,ihdp,baseline,default,t_learner,26,672,75,0.18154761904761904,0.432117223739624,0.9390408710103605,0.21769706918097587,0.7216626361703701,0.21769706918097634,4.069120522463573,4.286817591644549,9.018696818697462,0.0,9.018696818697462,1.2410597671289856,0.8540045543734797,0.5704155033874874,0.9613735551236501,0.18154761904761904,0.012761059669307876,0.5588221332571895,0.2857142857142857,0.0,0.3951117734724292,0.1739283739874525,0.3824062815161629,0.64,
baseline,baseline_ihdp,ihdp,baseline,default,t_learner,27,672,75,0.18601190476190477,0.44300007820129395,18.352178070143076,2.3586774106850403,9.211896876772368,2.3586774106850394,-0.6684755489869564,1.6902018616980838,81.63804731608967,1.2095622862486692,82.84760960233834,34.17789949109182,9.08726669899643,8.129387315233224,4.1273938614991454,0.18601190476190477,0.016388737782577916,0.5971132113641607,0.31101190476190477,0.0,0.4133528336380256,0.18391883189618366,0.37453576081259893,0.64,
baseline,baseline_ihdp,ihdp,baseline,default,t_learner,28,672,75,0.18898809523809523,0.4226799011230469,0.9461543805966984,0.11505866616590854,0.755369173298198,-0.11505866616590704,3.7867168106442683,3.67165814447836,10.048400947307046,0.006091846124741451,10.054492793431788,1.2673640723818855,0.8482089004418555,0.9022582079898669,0.7181019315299245,0.18898809523809523,0.015601823650282235,0.6162501837139163,0.3020833333333333,0.0,0.37058441089359245,0.18125370686711118,0.41108319496819673,0.64,
baseline,baseline_ihdp,ihdp,baseline,default,t_learner,29,672,75,0.1875,0.4269568920135498,0.9900775754760842,0.14383789377957878,0.8376095749905041,-0.1438378937795793,5.052511980262755,4.908674086483177,11.356585719306167,0.015521910688248042,11.372107629994415,0.8415631059248473,0.9367983778174915,1.0496116009393175,1.1081998748504662,0.1875,0.011679989991218618,0.5838689209700921,0.32589285714285715,0.0,0.39255189255189255,0.1859399703013082,0.40878972159479804,0.64,
baseline,baseline_ihdp,ihdp,baseline,default,x_learner,0,672,75,0.18303571428571427,0.8495697975158691,0.7074927860038477,0.11481098565184222,0.5743379083029938,0.1148109856518423,4.05634575318767,4.171156738839512,6.437065841667993,0.0038213295139675196,6.44088717118196,0.9418063257863872,0.5990246697438402,0.45327364921640845,0.7371829812237042,0.18303571428571427,0.015537093975601997,0.5622980946615538,0.31547619047619047,0.0,0.3786485405837665,0.1840815109040787,0.37851628205057564,0.68,
baseline,baseline_ihdp,ihdp,baseline,default,x_learner,1,672,75,0.19196428571428573,0.8450260162353516,0.6620330173487259,0.013213411648811402,0.5197274108681739,-0.013213411648811662,4.2142477603062325,4.201034348657421,8.238802977146783,0.0,8.238802977146783,0.49025443318739403,0.6538939201923541,0.8066304197895607,0.6587927243918941,0.19196428571428573,0.014780819396271709,0.5968684185640735,0.28273809523809523,0.0,0.36866675232344,0.17594519971689987,0.38953028248571747,0.64,
baseline,baseline_ihdp,ihdp,baseline,default,x_learner,2,672,75,0.18154761904761904,0.8675050735473633,0.7722088855744995,0.03431722269241888,0.5274408610636921,-0.03431722269241839,4.064009157208732,4.029691934516313,7.462933979593411,0.0290861138587859,7.492020093452197,1.1875106893728333,0.6420213541825763,0.5758718882912844,0.4751575002350604,0.18154761904761904,0.01554288550564484,0.5701034846394465,0.3273809523809524,0.0,0.40321907600596124,0.178924329173562,0.42111588545858597,0.64,
baseline,baseline_ihdp,ihdp,baseline,default,x_learner,3,672,75,0.19047619047619047,0.876598596572876,1.1826437739561548,0.010126975058962095,0.8855163941638813,0.010126975058962756,4.011240467092333,4.021367442151295,12.339480086958448,0.11979211558985448,12.459272202548302,1.6937328654354957,1.024495511995431,0.7544725991662126,1.0433900897248873,0.19047619047619047,0.0165943188066821,0.5727596596424224,0.27827380952380953,0.0,0.36672794117647056,0.17660289427310588,0.3762902074312649,0.68,
baseline,baseline_ihdp,ihdp,baseline,default,x_learner,4,672,75,0.18601190476190477,0.8764626979827881,1.3572407202970314,0.1763969479946641,0.9826201642981041,-0.17639694799466504,4.163696052943034,3.9872991049483697,11.255678855789785,0.12634395786085229,11.382022813650638,2.106280755696157,0.9187242934157606,1.181978009852727,0.7989591240638548,0.18601190476190477,0.014909819501311839,0.5517940105889383,0.30952380952380953,0.0,0.39072760511883,0.17852572689103735,0.37453576081259893,0.68,
baseline,baseline_ihdp,ihdp,baseline,default,x_learner,5,672,75,0.19345238095238096,0.8615689277648926,0.8692098495125069,0.30797043956079984,0.6154844917871454,0.30797043956080006,3.9331437410854035,4.241114180646203,6.383491605800797,0.0,6.383491605800797,1.2275092040549584,0.8408197128817319,0.5320513926747605,0.7229886399048668,0.19345238095238096,0.016859497504150667,0.5992615257193149,0.27976190476190477,0.0,0.3971898949758728,0.17606695196495736,0.40839385268331657,0.64,
baseline,baseline_ihdp,ihdp,baseline,default,x_learner,6,672,75,0.18452380952380953,0.8406157493591309,0.6963710009079602,0.17655334388335753,0.5312761869375143,-0.17655334388335744,4.016693170673207,3.8401398267898497,5.467977141813069,0.0,5.467977141813069,0.6748489282798921,0.7481884029741832,0.7225353486467815,0.637499521108479,0.18452380952380953,0.0122836648095902,0.5601753357873364,0.2916666666666667,0.0,0.3874499646809513,0.1707833552677563,0.40026893257586565,0.64,
baseline,baseline_ihdp,ihdp,baseline,default,x_learner,7,672,75,0.18898809523809523,0.8577959537506104,1.0353260109803943,0.300282580600876,0.8378177850142052,-0.3002825806008756,3.5578866081987015,3.2576040275978255,8.506088492428782,0.006672813324772875,8.512761305753555,1.459272150337336,1.0035174825454731,0.9014260005693326,0.6278298103777695,0.18898809523809523,0.013495985011059728,0.5932627568172648,0.3020833333333333,0.0,0.4084230296900961,0.18544552237956252,0.43473334556619453,0.68,
baseline,baseline_ihdp,ihdp,baseline,default,x_learner,8,672,75,0.19345238095238096,0.8773524761199951,19.321299758915078,1.266084713974701,8.285690264396267,1.2660847139747005,10.668346257956449,11.93443097193115,57.27537447575442,0.7859416170069764,58.061316092761395,36.75416802449943,5.368661027637031,7.579801128695843,6.162358792037674,0.19345238095238096,0.01480705591124428,0.6894771163752703,0.3020833333333333,0.0,0.40607436843599204,0.1824866843491901,0.3560993634276682,0.64,
baseline,baseline_ihdp,ihdp,baseline,default,x_learner,9,672,75,0.1800595238095238,0.8687968254089355,3.3322752363461507,0.6888583951151821,2.343507171498081,-0.6888583951151827,5.304671650267495,4.615813255152313,26.452100559935737,0.1360002956064612,26.588100855542198,5.0368246325551755,3.4101371088573442,2.2872059375118368,1.713797722653299,0.1800595238095238,0.015356333100467318,0.614268559303028,0.3273809523809524,0.0,0.36747611405258657,0.1805341423846863,0.3874702659193068,0.68,
baseline,baseline_ihdp,ihdp,baseline,default,x_learner,10,672,75,0.18601190476190477,0.862715482711792,0.8834601825213251,0.0560591428876247,0.7255433974885487,-0.056059142887624806,4.335689215411743,4.279630072524118,8.592939365841367,0.006008202235362248,8.59894756807673,0.9427475754204659,0.8154995097687953,0.9635505006378058,0.7960455998304576,0.18601190476190477,0.015471563899278569,0.580730954614321,0.28422619047619047,0.0,0.38249360146252287,0.1757904914173024,0.36082088623975367,0.64,
baseline,baseline_ihdp,ihdp,baseline,default,x_learner,11,672,75,0.1875,0.8824965953826904,1.6455377469809078,0.43498150708375505,1.2970544622858298,-0.4349815070837549,4.390080635994342,3.955099128910587,13.413658278137842,0.1372632986572615,13.550921576795103,1.5072078987594237,1.759593675238183,1.605122637900135,1.7050966201620656,0.1875,0.01741262031357248,0.6618507329651547,0.30952380952380953,0.0,0.38400488400488403,0.18346590456712608,0.40355290335897287,0.6,
baseline,baseline_ihdp,ihdp,baseline,default,x_learner,12,672,75,0.18303571428571427,0.8697350025177002,19.65028225482777,1.0389692778317698,14.053951952692257,1.0389692778317685,8.167656931020298,9.206626208852068,83.21418481996012,1.4767914519189702,84.6909762718791,29.70433643874068,15.863689722521158,15.306301306474213,13.006518460892792,0.18303571428571427,0.016671550331679295,0.578495639764899,0.3288690476190476,0.0,0.38144742103158735,0.17752235681875578,0.375524745742867,0.64,
baseline,baseline_ihdp,ihdp,baseline,default,x_learner,13,672,75,0.18303571428571427,0.8581407070159912,0.9432900160878591,0.3001695945421856,0.7236374385865448,0.3001695945421855,3.9256817327171536,4.225851327259339,6.247837970016093,0.0,6.247837970016093,1.2292412396361758,1.0019561629298126,0.6588209851274155,0.9234923830386963,0.18303571428571427,0.014032908181168827,0.61156006145801,0.36160714285714285,0.0,0.4250299880047981,0.18868005232949286,0.42812996619243,0.6,
baseline,baseline_ihdp,ihdp,baseline,default,x_learner,14,672,75,0.19047619047619047,0.883979082107544,1.4155542372706367,0.2295972486568445,0.9899076267751261,0.2295972486568443,3.9636861517499717,4.193283400406816,10.454824202390894,0.09391549195213322,10.548739694343027,2.4023305075947916,0.9199450208863966,0.9131233433008773,0.7092033968778,0.19047619047619047,0.01283987166930908,0.5913113117625519,0.30952380952380953,0.0,0.4094669117647059,0.1893381854682727,0.4032651071445681,0.64,
baseline,baseline_ihdp,ihdp,baseline,default,x_learner,15,672,75,0.19345238095238096,0.8660876750946045,0.8543179664280175,0.015063449715213117,0.637636904686934,-0.015063449715214233,4.488906434591061,4.473842984875848,8.900826912840778,0.0129099120055578,8.913736824846335,1.0033544551735982,0.8471095471015597,0.6649704623628392,0.8673469791870588,0.19345238095238096,0.013771473535222034,0.5823490563892421,0.29017857142857145,0.0,0.41038887311950045,0.18737543530427606,0.38365521215114984,0.68,
baseline,baseline_ihdp,ihdp,baseline,default,x_learner,16,672,75,0.18452380952380953,0.8531074523925781,1.7599185788498803,0.16655848831711806,1.366737904847797,-0.1665584883171179,3.8251275537781826,3.6585690654610645,14.621332721892468,0.11402521891157491,14.735357940804043,2.1040379485702783,1.8104558558700325,1.6468673283561828,1.4077827278199204,0.18452380952380953,0.01643692499010905,0.5842100480842497,0.31994047619047616,0.0,0.37673651989639745,0.18297148387238008,0.40866248569475044,0.64,
baseline,baseline_ihdp,ihdp,baseline,default,x_learner,17,672,75,0.19047619047619047,0.8568456172943115,1.3128769504755717,0.05478229129928147,0.8797926690923688,-0.054782291299280556,3.7452895448900776,3.690507253590796,12.408944463123174,0.14300526712157868,12.551949730244752,2.07270478394289,1.184520766912021,0.8877857704764144,0.6247831735117509,0.19047619047619047,0.013476380342139428,0.5887260388472878,0.2931547619047619,0.0,0.39016544117647056,0.17703394042223594,0.39867588841528373,0.64,
baseline,baseline_ihdp,ihdp,baseline,default,x_learner,18,672,75,0.19196428571428573,0.8694648742675781,1.71563993184249,0.03664471280821768,1.1579285055504673,0.036644712808218606,3.9330175940637546,3.9696623068719723,11.090773059812829,0.17862355371974203,11.269396613532571,2.953403778094457,1.014276538176072,1.0405382367875642,0.915881622405017,0.19196428571428573,0.010555947128387845,0.6221962742786185,0.3229166666666667,0.0,0.4100389738318558,0.19747708740398498,0.4434779232077364,0.68,
baseline,baseline_ihdp,ihdp,baseline,default,x_learner,19,672,75,0.1800595238095238,0.8432762622833252,0.9510640176680101,0.04851175051862633,0.7267688576558194,-0.04851175051862616,4.182856218826348,4.134344468307722,7.383558221117317,0.029765237765394303,7.4133234588827115,1.2861397203341602,0.9718012814379609,0.6682767425024885,0.7583157849992842,0.1800595238095238,0.013806755208880923,0.5773035454954967,0.3125,0.0,0.3819951703139296,0.1801313019120182,0.41654759417115234,0.64,
baseline,baseline_ihdp,ihdp,baseline,default,x_learner,20,672,75,0.18303571428571427,0.8562312126159668,4.462105169775817,1.488614468343251,2.9448795400491337,-1.4886144683432516,4.722805469184018,3.234191000840767,19.929349738724763,0.5013265503358149,20.430676289060578,6.389143355592186,5.1230437147293895,2.7097115635214153,2.3591725218143753,0.18303571428571427,0.017580336562783787,0.5613705514801535,0.2961309523809524,0.0,0.38104758096761293,0.16879439172196012,0.3655902985857423,0.64,
baseline,baseline_ihdp,ihdp,baseline,default,x_learner,21,672,75,0.1800595238095238,0.8881042003631592,0.925801871594144,0.27363328981539725,0.7098006688195566,-0.27363328981539653,4.107409742058923,3.833776452243526,7.22542732902895,0.05116473470517757,7.276592063734127,1.3067460784371974,0.7902620392808741,0.5777383631266747,0.8662064179173978,0.1800595238095238,0.013549389161361159,0.5467422714251008,0.34077380952380953,0.0,0.40477868938518996,0.1803477417451047,0.37690713236920903,0.68,
baseline,baseline_ihdp,ihdp,baseline,default,x_learner,22,672,75,0.18452380952380953,0.8472654819488525,1.271205810346823,0.06739788528143809,0.9552159681585553,0.0673978852814374,4.623469641373431,4.690867526654869,11.138594104593812,0.0,11.138594104593812,1.816651150022829,1.0267380444614065,1.1486091773423495,0.872109157959267,0.18452380952380953,0.013873625193160872,0.6040224336782075,0.30357142857142855,0.0,0.37962090887685424,0.18474807861552772,0.3733718584533806,0.68,
baseline,baseline_ihdp,ihdp,baseline,default,x_learner,23,672,75,0.18452380952380953,0.840583086013794,2.9845792052839766,0.19650814763985958,2.1059054808631457,0.19650814763985996,2.019971662565434,2.2164798102052936,16.59898628100403,0.1871115706400488,16.78609785164408,5.062771365875759,2.220867698046708,1.8047036297746515,1.2652094619866676,0.18452380952380953,0.013045008086306197,0.5695740534206457,0.29464285714285715,0.0,0.4062279255945373,0.18043539779170265,0.3958742653850422,0.64,
baseline,baseline_ihdp,ihdp,baseline,default,x_learner,24,672,75,0.18452380952380953,0.8453643321990967,2.0439539154037902,0.3904504569418181,0.9453665089113282,0.39045045694181935,4.015211833260161,4.405662290201979,10.563873142750372,0.1442910062300662,10.708164148980439,3.925622837488777,0.47484467369745104,0.6920839732114565,0.6228995607126812,0.18452380952380953,0.015405953425030691,0.5854415196335634,0.31398809523809523,0.0,0.39904638568401224,0.18415006753825558,0.40724298221597505,0.64,
baseline,baseline_ihdp,ihdp,baseline,default,x_learner,25,672,75,0.17857142857142858,0.8410334587097168,7.164858900370603,1.3451405615512573,4.80253193485429,1.3451405615512573,2.3657951812226976,3.710935742773955,36.13494916861689,0.3808746405238992,36.51582380914079,12.416389131656002,4.9260984849527585,4.237747580325449,2.743076909741563,0.17857142857142858,0.013645521759281732,0.5734559729128814,0.34523809523809523,0.0,0.3789855072463768,0.1943690908045554,0.4049938513041168,0.68,
baseline,baseline_ihdp,ihdp,baseline,default,x_learner,26,672,75,0.18154761904761904,0.8549871444702148,0.853114109401478,0.1835540019290125,0.6538061109237225,0.18355400192901242,4.069120522463573,4.252674524392585,9.006432622945262,0.01226419575220028,9.018696818697462,1.2417604504162734,0.7112031606527381,0.5053399420821705,0.7722586640271734,0.18154761904761904,0.012761059669307876,0.5588221332571895,0.2857142857142857,0.0,0.3951117734724292,0.1739283739874525,0.3824062815161629,0.64,
baseline,baseline_ihdp,ihdp,baseline,default,x_learner,27,672,75,0.18601190476190477,0.8495075702667236,29.324227084881468,1.3262389473694776,16.97575633365003,1.326238947369477,-0.6684755489869564,0.6577633983825212,81.70635119519083,1.1412584071475038,82.84760960233834,53.31810037878511,16.547754381910213,11.276085015906029,12.845102288912578,0.18601190476190477,0.016388737782577916,0.5971132113641607,0.31101190476190477,0.0,0.4133528336380256,0.18391883189618366,0.37453576081259893,0.64,
baseline,baseline_ihdp,ihdp,baseline,default,x_learner,28,672,75,0.18898809523809523,0.8532593250274658,1.1241113452412468,0.2754005928555534,0.8734021405831138,-0.2754005928555525,3.7867168106442683,3.511316217788715,10.050583753825228,0.003909039606559972,10.054492793431788,1.5408313515457643,1.1741464812711104,0.9824331782968478,0.714377757189542,0.18898809523809523,0.015601823650282235,0.6162501837139163,0.3020833333333333,0.0,0.37058441089359245,0.18125370686711118,0.41108319496819673,0.64,
baseline,baseline_ihdp,ihdp,baseline,default,x_learner,29,672,75,0.1875,0.8714110851287842,1.2976043433302011,0.34978517607871673,0.9979831429156689,-0.34978517607871656,5.052511980262755,4.702726804184039,11.32524262701411,0.04686500298030616,11.372107629994415,1.604971871978352,1.4723772467413299,1.2129021013142705,0.7386657116986312,0.1875,0.011679989991218618,0.5838689209700921,0.32589285714285715,0.0,0.39255189255189255,0.1859399703013082,0.40878972159479804,0.64,
baseline,baseline_ihdp,ihdp,baseline,default,neural_rep,0,672,75,0.18303571428571427,3.733985662460327,0.6758618860321272,0.17629533497437366,0.5581595376308608,-0.17629533497437302,4.05634575318767,3.880050418213296,6.44088717118196,0.0,6.44088717118196,0.7506050126646027,0.7033805954377769,0.5895780024060262,0.6506922606941782,0.18303571428571427,0.015537093975601997,0.5622980946615538,0.31547619047619047,0.0,0.3786485405837665,0.1840815109040787,0.37851628205057564,0.68,
baseline,baseline_ihdp,ihdp,baseline,default,neural_rep,1,672,75,0.19196428571428573,1.0343875885009766,0.5702343301707299,0.03895519625374444,0.47987067890991236,-0.03895519625374329,4.2142477603062325,4.175292564052488,8.238802977146783,0.0,8.238802977146783,0.6456002535700796,0.4417174403034983,0.5183818040225157,0.6427987218647941,0.19196428571428573,0.014780819396271709,0.5968684185640735,0.28273809523809523,0.0,0.36866675232344,0.17594519971689987,0.38953028248571747,0.64,
baseline,baseline_ihdp,ihdp,baseline,default,neural_rep,2,672,75,0.18154761904761904,1.441946029663086,0.9120820558550348,0.4069791114042407,0.7108989208622893,-0.4069791114042411,4.064009157208732,3.657030045804491,7.462933979593411,0.0290861138587859,7.492020093452197,1.1537022769479892,1.0671822635991024,0.7233932549328398,0.618810151307217,0.18154761904761904,0.01554288550564484,0.5701034846394465,0.3273809523809524,0.0,0.40321907600596124,0.178924329173562,0.42111588545858597,0.64,
baseline,baseline_ihdp,ihdp,baseline,default,neural_rep,3,672,75,0.19047619047619047,1.2055327892303467,0.9650084472446218,0.05646712148303212,0.742205826927027,0.05646712148303142,4.011240467092333,4.067707588575365,12.371627322290355,0.08764488025794748,12.459272202548302,1.2785781951842967,0.7766524980115493,0.9774091137573911,0.7172303871111343,0.19047619047619047,0.0165943188066821,0.5727596596424224,0.27827380952380953,0.0,0.36672794117647056,0.17660289427310588,0.3762902074312649,0.68,
baseline,baseline_ihdp,ihdp,baseline,default,neural_rep,4,672,75,0.18601190476190477,3.582101821899414,0.9347066813995373,0.08896230567888708,0.7117759627906188,-0.08896230567888636,4.163696052943034,4.074733747264147,11.363228541504762,0.018794272145875368,11.382022813650638,1.1306159588293627,1.039508916820508,0.6750713280065106,0.8312661297656547,0.18601190476190477,0.014909819501311839,0.5517940105889383,0.30952380952380953,0.0,0.39072760511883,0.17852572689103735,0.37453576081259893,0.68,
baseline,baseline_ihdp,ihdp,baseline,default,neural_rep,5,672,75,0.19345238095238096,0.9564228057861328,0.760409276913311,0.21792146544458602,0.5663782813800692,0.2179214654445866,3.9331437410854035,4.15106520652999,6.383491605800797,0.0,6.383491605800797,1.2046524979500326,0.6357053369571298,0.4642910226363776,0.48254615691422664,0.19345238095238096,0.016859497504150667,0.5992615257193149,0.27976190476190477,0.0,0.3971898949758728,0.17606695196495736,0.40839385268331657,0.64,
baseline,baseline_ihdp,ihdp,baseline,default,neural_rep,6,672,75,0.18452380952380953,1.0046868324279785,0.6939038510864896,0.24810177691073765,0.5568134178787243,-0.24810177691073743,4.016693170673207,3.7685913937624695,5.467977141813069,0.0,5.467977141813069,0.6855525761365384,0.773445840240748,0.47723259529642154,0.7976223470827937,0.18452380952380953,0.0122836648095902,0.5601753357873364,0.2916666666666667,0.0,0.3874499646809513,0.1707833552677563,0.40026893257586565,0.64,
baseline,baseline_ihdp,ihdp,baseline,default,neural_rep,7,672,75,0.18898809523809523,1.4453167915344238,1.0196732409946379,0.16799061523047554,0.7647784505763966,-0.1679906152304751,3.5578866081987015,3.389895992968226,8.417903384873618,0.09485792087993694,8.512761305753555,1.6141019057559232,0.6975678515788627,0.7325412671340142,0.7828097121895486,0.18898809523809523,0.013495985011059728,0.5932627568172648,0.3020833333333333,0.0,0.4084230296900961,0.18544552237956252,0.43473334556619453,0.68,
baseline,baseline_ihdp,ihdp,baseline,default,neural_rep,8,672,75,0.19345238095238096,2.627220392227173,12.058513578614642,0.13025932777781257,4.366412713916196,0.13025932777781388,10.668346257956449,10.798605585734261,57.91398348153371,0.14733261122768226,58.061316092761395,23.350041495997708,2.9490312855243728,3.2537532324680267,3.1508017251996008,0.19345238095238096,0.01480705591124428,0.6894771163752703,0.3020833333333333,0.0,0.40607436843599204,0.1824866843491901,0.3560993634276682,0.64,
baseline,baseline_ihdp,ihdp,baseline,default,neural_rep,9,672,75,0.1800595238095238,2.9366378784179688,1.134912558048335,0.07018380886851983,0.8210389845276003,0.07018380886851912,5.304671650267495,5.374855459136015,26.570174945456724,0.017925910085473618,26.588100855542198,1.808526726087301,0.9687430823750282,0.7882092200578721,0.6526523330650071,0.1800595238095238,0.015356333100467318,0.614268559303028,0.3273809523809524,0.0,0.36747611405258657,0.1805341423846863,0.3874702659193068,0.68,
baseline,baseline_ihdp,ihdp,baseline,default,neural_rep,10,672,75,0.18601190476190477,3.191138744354248,0.8275309678709464,0.015707411617707834,0.6709146453543887,0.01570741161770802,4.335689215411743,4.351396627029451,8.590293827155552,0.008653740921177544,8.59894756807673,0.8653379745621251,0.8630546953097433,0.793086696708433,0.7872300314389176,0.18601190476190477,0.015471563899278569,0.580730954614321,0.28422619047619047,0.0,0.38249360146252287,0.1757904914173024,0.36082088623975367,0.64,
baseline,baseline_ihdp,ihdp,baseline,default,neural_rep,11,672,75,0.1875,1.970414638519287,0.809991556476242,0.22071646542569923,0.5993503929498657,-0.22071646542569828,4.390080635994342,4.169364170568643,13.546475349763721,0.004446227031381866,13.550921576795103,1.1312255951109789,0.6220446643214385,0.7786894597809622,0.5806991314224766,0.1875,0.01741262031357248,0.6618507329651547,0.30952380952380953,0.0,0.38400488400488403,0.18346590456712608,0.40355290335897287,0.6,
baseline,baseline_ihdp,ihdp,baseline,default,neural_rep,12,672,75,0.18303571428571427,2.914243459701538,5.818846599049498,0.4945841522050891,3.669142576772178,0.49458415220508906,8.167656931020298,8.662241083225387,84.59432258108659,0.09665369079250752,84.6909762718791,10.187279750656776,4.307444807440851,2.5433335444215524,2.4139360346739442,0.18303571428571427,0.016671550331679295,0.578495639764899,0.3288690476190476,0.0,0.38144742103158735,0.17752235681875578,0.375524745742867,0.64,
baseline,baseline_ihdp,ihdp,baseline,default,neural_rep,13,672,75,0.18303571428571427,1.8520162105560303,0.8904073414386081,0.09421600920161577,0.6907352332921979,0.09421600920161591,3.9256817327171536,4.019897741918769,6.247837970016093,0.0,6.247837970016093,0.6623052453728512,0.4807038101985883,0.9593221612864122,1.1439896983001925,0.18303571428571427,0.014032908181168827,0.61156006145801,0.36160714285714285,0.0,0.4250299880047981,0.18868005232949286,0.42812996619243,0.6,
baseline,baseline_ihdp,ihdp,baseline,default,neural_rep,14,672,75,0.19047619047619047,0.9859497547149658,0.9655571560271418,0.04748703735070414,0.7106030592228707,0.04748703735070246,3.9636861517499717,4.011173189100676,10.497981363786467,0.05075833055655998,10.548739694343027,1.380085068305864,0.776257741926753,0.6971372321691284,0.8477248167552652,0.19047619047619047,0.01283987166930908,0.5913113117625519,0.30952380952380953,0.0,0.4094669117647059,0.1893381854682727,0.4032651071445681,0.64,
baseline,baseline_ihdp,ihdp,baseline,default,neural_rep,15,672,75,0.19345238095238096,1.245955228805542,0.8777063581293587,0.018120489621735736,0.6890688573571291,0.018120489621734473,4.488906434591061,4.507026924212797,8.900826912840778,0.0129099120055578,8.913736824846335,1.103058267248583,0.8433539862381358,0.7432919042456847,0.7732371897724006,0.19345238095238096,0.013771473535222034,0.5823490563892421,0.29017857142857145,0.0,0.41038887311950045,0.18737543530427606,0.38365521215114984,0.68,
baseline,baseline_ihdp,ihdp,baseline,default,neural_rep,16,672,75,0.18452380952380953,2.2588510513305664,1.1320499238268937,0.09170440406964087,0.8686200901976016,0.09170440406964225,3.8251275537781826,3.9168319578478235,14.735357940804043,0.0,14.735357940804043,1.105228254586975,0.8253308472417727,1.1581667808819613,1.3603305164348773,0.18452380952380953,0.01643692499010905,0.5842100480842497,0.31994047619047616,0.0,0.37673651989639745,0.18297148387238008,0.40866248569475044,0.64,
baseline,baseline_ihdp,ihdp,baseline,default,neural_rep,17,672,75,0.19047619047619047,1.5802102088928223,0.8956689083727458,0.16648662206689346,0.6738811409712588,-0.1664866220668921,3.7452895448900776,3.578802922823184,12.465171181160827,0.08677854908392568,12.551949730244752,1.2125166543145243,0.8441482181120642,0.8198108477598006,0.5910167356064052,0.19047619047619047,0.013476380342139428,0.5887260388472878,0.2931547619047619,0.0,0.39016544117647056,0.17703394042223594,0.39867588841528373,0.64,
baseline,baseline_ihdp,ihdp,baseline,default,neural_rep,18,672,75,0.19196428571428573,1.602905035018921,1.0564099387271348,0.2030178480453575,0.7229237689701772,-0.20301784804535725,3.9330175940637546,3.729999746018397,11.190492341183612,0.07890427234895903,11.269396613532571,1.5655707302491484,0.8829205364985282,0.5046188627843794,0.9803566621794357,0.19196428571428573,0.010555947128387845,0.6221962742786185,0.3229166666666667,0.0,0.4100389738318558,0.19747708740398498,0.4434779232077364,0.68,
baseline,baseline_ihdp,ihdp,baseline,default,neural_rep,19,672,75,0.1800595238095238,1.442141056060791,0.8498455911385238,0.3069348506299785,0.6543553273597931,-0.3069348506299785,4.182856218826348,3.87592136819637,7.383558221117317,0.029765237765394303,7.4133234588827115,0.8973428971112996,0.9011428132637811,0.8626313105367244,0.7295629547814719,0.1800595238095238,0.013806755208880923,0.5773035454954967,0.3125,0.0,0.3819951703139296,0.1801313019120182,0.41654759417115234,0.64,
baseline,baseline_ihdp,ihdp,baseline,default,neural_rep,20,672,75,0.18303571428571427,2.8039205074310303,1.4238451857945462,0.37905510232717443,1.0878831053690547,-0.37905510232717604,4.722805469184018,4.343750366856844,20.349676284523934,0.08100000453664435,20.430676289060578,1.9459181609213818,1.240985376581129,1.1045623490572352,1.2397553839382562,0.18303571428571427,0.017580336562783787,0.5613705514801535,0.2961309523809524,0.0,0.38104758096761293,0.16879439172196012,0.3655902985857423,0.64,
baseline,baseline_ihdp,ihdp,baseline,default,neural_rep,21,672,75,0.1800595238095238,1.201094150543213,0.8180021501880197,0.1274781681249051,0.6481106022923523,-0.12747816812490462,4.107409742058923,3.979931573934018,7.261635277895863,0.01495678583826443,7.276592063734127,0.7825579907720681,0.8711096508413475,0.7476801487648437,0.8665891316392305,0.1800595238095238,0.013549389161361159,0.5467422714251008,0.34077380952380953,0.0,0.40477868938518996,0.1803477417451047,0.37690713236920903,0.68,
baseline,baseline_ihdp,ihdp,baseline,default,neural_rep,22,672,75,0.18452380952380953,2.293287515640259,0.9177415115768931,0.026205441607732638,0.7156515595189992,-0.026205441607732815,4.623469641373431,4.597264199765698,11.119140454973726,0.01945364962008611,11.138594104593812,0.9753704493162253,1.2435741028397653,0.5912478653923663,0.747438565893511,0.18452380952380953,0.013873625193160872,0.6040224336782075,0.30357142857142855,0.0,0.37962090887685424,0.18474807861552772,0.3733718584533806,0.68,
baseline,baseline_ihdp,ihdp,baseline,default,neural_rep,23,672,75,0.18452380952380953,2.012467384338379,1.6819264956079099,0.11529215741871623,1.117831989655408,-0.11529215741871608,2.019971662565434,1.9046795051467178,16.759838971896134,0.02625887974794594,16.78609785164408,2.977516075426879,1.0288662488120242,0.7436412182249337,0.8632280612112748,0.18452380952380953,0.013045008086306197,0.5695740534206457,0.29464285714285715,0.0,0.4062279255945373,0.18043539779170265,0.3958742653850422,0.64,
baseline,baseline_ihdp,ihdp,baseline,default,neural_rep,24,672,75,0.18452380952380953,1.4780950546264648,1.2312908128943476,0.20822953698168867,0.7572025180712666,0.20822953698168883,4.015211833260161,4.22344137024185,10.654030352160747,0.05413379681969133,10.708164148980439,2.2199521598611476,0.750881289120613,0.49939193581384056,0.5222901544157348,0.18452380952380953,0.015405953425030691,0.5854415196335634,0.31398809523809523,0.0,0.39904638568401224,0.18415006753825558,0.40724298221597505,0.64,
baseline,baseline_ihdp,ihdp,baseline,default,neural_rep,25,672,75,0.17857142857142858,2.8834574222564697,3.4312842051391703,0.7118711609685335,2.3545145755245573,-0.7118711609685332,2.3657951812226976,1.653924020254164,36.4128353673215,0.10298844181929212,36.51582380914079,4.789451166722424,4.5453327802430366,1.5957782575491437,1.190439590369433,0.17857142857142858,0.013645521759281732,0.5734559729128814,0.34523809523809523,0.0,0.3789855072463768,0.1943690908045554,0.4049938513041168,0.68,
baseline,baseline_ihdp,ihdp,baseline,default,neural_rep,26,672,75,0.18154761904761904,0.9850666522979736,0.7096983552341549,0.17983087428349087,0.5688545565252746,-0.1798308742834904,4.069120522463573,3.889289648180082,9.018696818697462,0.0,9.018696818697462,0.8171046915810293,0.7765829079791456,0.5909296590564173,0.6324398279307992,0.18154761904761904,0.012761059669307876,0.5588221332571895,0.2857142857142857,0.0,0.3951117734724292,0.1739283739874525,0.3824062815161629,0.64,
baseline,baseline_ihdp,ihdp,baseline,default,neural_rep,27,672,75,0.18601190476190477,3.431628465652466,14.427959080907977,1.3282585383986194,6.652558597346519,1.3282585383986194,-0.6684755489869564,0.6597829894116631,82.44900470703514,0.398604895303194,82.84760960233834,27.596331932241295,5.447710073895098,3.5578957813627956,4.401838255574731,0.18601190476190477,0.016388737782577916,0.5971132113641607,0.31101190476190477,0.0,0.4133528336380256,0.18391883189618366,0.37453576081259893,0.64,
baseline,baseline_ihdp,ihdp,baseline,default,neural_rep,28,672,75,0.18898809523809523,3.1528756618499756,0.9844908129347437,0.170998371603154,0.7274303441065727,-0.170998371603153,3.7867168106442683,3.6157184390411143,10.04054348664322,0.013949306788568094,10.054492793431788,1.4007066493107845,1.057189856817523,0.7346203773787394,0.6274759494225268,0.18898809523809523,0.015601823650282235,0.6162501837139163,0.3020833333333333,0.0,0.37058441089359245,0.18125370686711118,0.41108319496819673,0.64,
baseline,baseline_ihdp,ihdp,baseline,default,neural_rep,29,672,75,0.1875,2.0154342651367188,0.777212129807327,0.33962846742507047,0.6438257342151416,-0.3396284674250711,5.052511980262755,4.712883512837685,11.356585719306167,0.015521910688248042,11.372107629994415,0.9357502911579025,0.5943549873895526,0.7084279616922021,0.8199256668319383,0.1875,0.011679989991218618,0.5838689209700921,0.32589285714285715,0.0,0.39255189255189255,0.1859399703013082,0.40878972159479804,0.64,
