experiment,status,dataset,hypothesis,manipulated,controlled,seeds_configured,seeds_actual,n_train,n_test,ground_truth,models,metrics,test,correction
ablation,PENDING,ihdp,"The shared representation, not the heads or regularization, drives NeuralRep's behaviour",neural component removed (4 variants),"identical seeds, data, optimizer, epochs and early stopping across variants",30,0,-,-,-,1,"PEHE, |ATE err|, CATE MAE/bias, policy value/regret, subgroup PEHE",paired Wilcoxon signed-rank,Holm-Bonferroni within condition
ablation_synthetic,PENDING,synthetic,Same mechanism test where training data is plentiful,neural component removed (4 variants),"identical seeds, data, optimizer, epochs and early stopping across variants",30,0,-,-,-,1,"PEHE, |ATE err|, CATE MAE/bias, policy value/regret, subgroup PEHE",paired Wilcoxon signed-rank,Holm-Bonferroni within condition
baseline_ihdp,complete,ihdp,NeuralRep estimates CATE at least as accurately as S/T/X on a real-covariate benchmark,none (single condition),single condition,30,30,672-672,75,yes,4,"PEHE, |ATE err|, CATE MAE/bias, policy value/regret, subgroup PEHE",paired Wilcoxon signed-rank,Holm-Bonferroni within condition
baseline_synthetic,complete,synthetic,"The Exp 1a ranking is a property of the estimators, not of one benchmark",none (single condition),single condition,30,30,2000-2000,2000,yes,4,"PEHE, |ATE err|, CATE MAE/bias, policy value/regret, subgroup PEHE",paired Wilcoxon signed-rank,Holm-Bonferroni within condition
confounding,complete,synthetic,NeuralRep's advantage grows as confounding strength (and selection bias) increases,"confounding strength gamma in {0,1,2,3}","treated fraction fixed at 0.5; true ATE constant; same covariate dim, noise, n",30,30,2000-2000,2000,yes,4,"PEHE, |ATE err|, CATE MAE/bias, policy value/regret, subgroup PEHE",paired Wilcoxon signed-rank,Holm-Bonferroni within condition
sample_size,PENDING,ihdp,Representation learning benefits more from additional training data than meta-learners,"training fraction in {0.25,0.5,0.75,1.0}",test split held fixed across all conditions,30,0,-,-,-,4,"PEHE, |ATE err|, CATE MAE/bias, policy value/regret, subgroup PEHE",paired Wilcoxon signed-rank,Holm-Bonferroni within condition
sample_size_synthetic,PENDING,synthetic,"Same, with a training pool large enough for the trend to be visible","training fraction in {0.25,0.5,0.75,1.0}",test split held fixed across all conditions,30,0,-,-,-,4,"PEHE, |ATE err|, CATE MAE/bias, policy value/regret, subgroup PEHE",paired Wilcoxon signed-rank,Holm-Bonferroni within condition
sensitivity,PENDING,ihdp,NeuralRep's performance is not an artifact of one hyper-parameter setting,"latent_dim, weight_decay, lr, epochs (one at a time)",all other hyper-parameters at baseline values; epochs sweep disables early stopping,10,0,-,-,-,1,"PEHE, |ATE err|, CATE MAE/bias, policy value/regret, subgroup PEHE",paired Wilcoxon signed-rank,Holm-Bonferroni within condition
treatment_imbalance,STALE,synthetic,NeuralRep degrades less than S/T/X as the treated arm shrinks,"marginal P(T=1) in {0.5,0.25,0.1}",gamma fixed at 1.0; true ATE constant; covariate imbalance (SMD) held ~constant,30,10,2000-2000,2000,yes,4,"PEHE, |ATE err|, CATE MAE/bias, policy value/regret, subgroup PEHE",paired Wilcoxon signed-rank,Holm-Bonferroni within condition
